typeCode,freqCode,refPeriodId,refYear,refMonth,period,reporterCode,reporterISO,reporterDesc,flowCode,flowDesc,partnerCode,partnerISO,partnerDesc,partner2Code,partner2ISO,partner2Desc,classificationCode,classificationSearchCode,isOriginalClassification,cmdCode,cmdDesc,aggrLevel,isLeaf,customsCode,customsDesc,mosCode,motCode,motDesc,qtyUnitCode,qtyUnitAbbr,qty,isQtyEstimated,altQtyUnitCode,altQtyUnitAbbr,altQty,isAltQtyEstimated,netWgt,isNetWgtEstimated,grossWgt,isGrossWgtEstimated,cifvalue,fobvalue,primaryValue,legacyEstimationFlag,isReported,isAggregate
"C","A","20150101","2015","52","2015","826","GBR","United Kingdom","X","Export","56","BEL","Belgium","0","W00","World","H4","HS","true","1001","Wheat and meslin","4","false","C00","TOTAL CPC","0","0","TOTAL MOT","8","kg","44985060","false","-1","N/A",,"false","44985060","false",,"false",,"9801714","9801714","0","true","false",
"C","A","20150101","2015","52","2015","826","GBR","United Kingdom","X","Export","203","CZE","Czechia","0","W00","World","H4","HS","true","1001","Wheat and meslin","4","false","C00","TOTAL CPC","0","0","TOTAL MOT","8","kg","778","false","-1","N/A",,"false","778","false",,"false",,"3273","3273","0","true","false",
"C","A","20150101","2015","52","2015","826","GBR","United Kingdom","X","Export","251","FRA","France","0","W00","World","H4","HS","true","1001","Wheat and meslin","4","false","C00","TOTAL CPC","0","0","TOTAL MOT","8","kg","14127810","false","-1","N/A",,"false","14127810","false",,"false",,"2962939","2962939","0","true","false",
"C","A","20150101","2015","52","2015","826","GBR","United Kingdom","X","Export","276","DEU","Germany","0","W00","World","H4","HS","true","1001","Wheat and meslin","4","false","C00","TOTAL CPC","0","0","TOTAL MOT","8","kg","4426101","false","-1","N/A",,"false","4426101","false",,"false",,"825085","825085","0","true","false",
"C","A","20150101","2015","52","2015","826","GBR","United Kingdom","X","Export","348","HUN","Hungary","0","W00","World","H4","HS","true","1001","Wheat and meslin","4","false","C00","TOTAL CPC","0","0","TOTAL MOT","8","kg","25","false","-1","N/A",,"false","25","false",,"false",,"165","165","0","true","false",
"C","A","20150101","2015","52","2015","826","GBR","United Kingdom","X","Export","372","IRL","Ireland","0","W00","World","H4","HS","true","1001","Wheat and meslin","4","false","C00","TOTAL CPC","0","0","TOTAL MOT","8","kg","152166035","false","-1","N/A",,"false","152166035","false",,"false",,"33443640","33443640","0","true","false",
"C","A","20150101","2015","52","2015","826","GBR","United Kingdom","X","Export","380","ITA","Italy","0","W00","World","H4","HS","true","1001","Wheat and meslin","4","false","C00","TOTAL CPC","0","0","TOTAL MOT","8","kg","15106082","false","-1","N/A",,"false","15106082","false",,"false",,"3152316","3152316","0","true","false",
"C","A","20150101","2015","52","2015","826","GBR","United Kingdom","X","Export","528","NLD","Netherlands","0","W00","World","H4","HS","true","1001","Wheat and meslin","4","false","C00","TOTAL CPC","0","0","TOTAL MOT","8","kg","331809144","false","-1","N/A",,"false","331809144","false",,"false",,"59993178","59993178","0","true","false",
"C","A","20150101","2015","52","2015","826","GBR","United Kingdom","X","Export","616","POL","Poland","0","W00","World","H4","HS","true","1001","Wheat and meslin","4","false","C00","TOTAL CPC","0","0","TOTAL MOT","8","kg","20202","false","-1","N/A",,"false","20202","false",,"false",,"10101","10101","0","true","false",
"C","A","20150101","2015","52","2015","826","GBR","United Kingdom","X","Export","642","ROU","Romania","0","W00","World","H4","HS","true","1001","Wheat and meslin","4","false","C00","TOTAL CPC","0","0","TOTAL MOT","8","kg","15","false","-1","N/A",,"false","15","false",,"false",,"43","43","0","true","false",
"C","A","20150101","2015","52","2015","826","GBR","United Kingdom","X","Export","724","ESP","Spain","0","W00","World","H4","HS","true","1001","Wheat and meslin","4","false","C00","TOTAL CPC","0","0","TOTAL MOT","8","kg","652338947","false","-1","N/A",,"false","652338947","false",,"false",,"125214747","125214747","0","true","false",
"C","A","20150101","2015","52","2015","826","GBR","United Kingdom","X","Export","56","BEL","Belgium","0","W00","World","H4","HS","true","1003","Barley","4","false","C00","TOTAL CPC","0","0","TOTAL MOT","8","kg","126970342","false","-1","N/A",,"false","126970342","false",,"false",,"28028409","28028409","0","true","false",
"C","A","20150101","2015","52","2015","826","GBR","United Kingdom","X","Export","203","CZE","Czechia","0","W00","World","H4","HS","true","1003","Barley","4","false","C00","TOTAL CPC","0","0","TOTAL MOT","8","kg","9030","false","-1","N/A",,"false","9030","false",,"false",,"8388","8388","0","true","false",
"C","A","20150101","2015","52","2015","826","GBR","United Kingdom","X","Export","251","FRA","France","0","W00","World","H4","HS","true","1003","Barley","4","false","C00","TOTAL CPC","0","0","TOTAL MOT","8","kg","22269218","false","-1","N/A",,"false","22269218","false",,"false",,"4964263","4964263","0","true","false",
"C","A","20150101","2015","52","2015","826","GBR","United Kingdom","X","Export","276","DEU","Germany","0","W00","World","H4","HS","true","1003","Barley","4","false","C00","TOTAL CPC","0","0","TOTAL MOT","8","kg","117337299","false","-1","N/A",,"false","117337299","false",,"false",,"25528671","25528671","0","true","false",
"C","A","20150101","2015","52","2015","826","GBR","United Kingdom","X","Export","348","HUN","Hungary","0","W00","World","H4","HS","true","1003","Barley","4","false","C00","TOTAL CPC","0","0","TOTAL MOT","8","kg","2464","false","-1","N/A",,"false","2464","false",,"false",,"2032","2032","0","true","false",
"C","A","20150101","2015","52","2015","826","GBR","United Kingdom","X","Export","372","IRL","Ireland","0","W00","World","H4","HS","true","1003","Barley","4","false","C00","TOTAL CPC","0","0","TOTAL MOT","8","kg","40893319","false","-1","N/A",,"false","40893319","false",,"false",,"7750261","7750261","0","true","false",
"C","A","20150101","2015","52","2015","826","GBR","United Kingdom","X","Export","380","ITA","Italy","0","W00","World","H4","HS","true","1003","Barley","4","false","C00","TOTAL CPC","0","0","TOTAL MOT","8","kg","14284376","false","-1","N/A",,"false","14284376","false",,"false",,"3041293","3041293","0","true","false",
"C","A","20150101","2015","52","2015","826","GBR","United Kingdom","X","Export","528","NLD","Netherlands","0","W00","World","H4","HS","true","1003","Barley","4","false","C00","TOTAL CPC","0","0","TOTAL MOT","8","kg","211000371","false","-1","N/A",,"false","211000371","false",,"false",,"39368531","39368531","0","true","false",
"C","A","20150101","2015","52","2015","826","GBR","United Kingdom","X","Export","616","POL","Poland","0","W00","World","H4","HS","true","1003","Barley","4","false","C00","TOTAL CPC","0","0","TOTAL MOT","8","kg","10587","false","-1","N/A",,"false","10587","false",,"false",,"23403","23403","0","true","false",
"C","A","20150101","2015","52","2015","826","GBR","United Kingdom","X","Export","642","ROU","Romania","0","W00","World","H4","HS","true","1003","Barley","4","false","C00","TOTAL CPC","0","0","TOTAL MOT","8","kg","81","false","-1","N/A",,"false","81","false",,"false",,"763","763","0","true","false",
"C","A","20150101","2015","52","2015","826","GBR","United Kingdom","X","Export","724","ESP","Spain","0","W00","World","H4","HS","true","1003","Barley","4","false","C00","TOTAL CPC","0","0","TOTAL MOT","8","kg","350041685","false","-1","N/A",,"false","350041685","false",,"false",,"65772763","65772763","0","true","false",
"C","A","20150101","2015","52","2015","826","GBR","United Kingdom","X","Export","56","BEL","Belgium","0","W00","World","H4","HS","true","1005","Maize (corn)","4","false","C00","TOTAL CPC","0","0","TOTAL MOT","8","kg","3034","false","-1","N/A",,"false","3034","false",,"false",,"5187","5187","0","true","false",
"C","A","20150101","2015","52","2015","826","GBR","United Kingdom","X","Export","203","CZE","Czechia","0","W00","World","H4","HS","true","1005","Maize (corn)","4","false","C00","TOTAL CPC","0","0","TOTAL MOT","8","kg","559","false","-1","N/A",,"false","559","false",,"false",,"5318","5318","0","true","false",
"C","A","20150101","2015","52","2015","826","GBR","United Kingdom","X","Export","251","FRA","France","0","W00","World","H4","HS","true","1005","Maize (corn)","4","false","C00","TOTAL CPC","0","0","TOTAL MOT","8","kg","213115","false","-1","N/A",,"false","213115","false",,"false",,"662218","662218","0","true","false",
"C","A","20150101","2015","52","2015","826","GBR","United Kingdom","X","Export","276","DEU","Germany","0","W00","World","H4","HS","true","1005","Maize (corn)","4","false","C00","TOTAL CPC","0","0","TOTAL MOT","8","kg","52242","false","-1","N/A",,"false","52242","false",,"false",,"119704","119704","0","true","false",
"C","A","20150101","2015","52","2015","826","GBR","United Kingdom","X","Export","348","HUN","Hungary","0","W00","World","H4","HS","true","1005","Maize (corn)","4","false","C00","TOTAL CPC","0","0","TOTAL MOT","8","kg","40","false","-1","N/A",,"false","40","false",,"false",,"164","164","0","true","false",
"C","A","20150101","2015","52","2015","826","GBR","United Kingdom","X","Export","372","IRL","Ireland","0","W00","World","H4","HS","true","1005","Maize (corn)","4","false","C00","TOTAL CPC","0","0","TOTAL MOT","8","kg","122905635","false","-1","N/A",,"false","122905635","false",,"false",,"26190005","26190005","0","true","false",
"C","A","20150101","2015","52","2015","826","GBR","United Kingdom","X","Export","380","ITA","Italy","0","W00","World","H4","HS","true","1005","Maize (corn)","4","false","C00","TOTAL CPC","0","0","TOTAL MOT","8","kg","5660","false","-1","N/A",,"false","5660","false",,"false",,"7218","7218","0","true","false",
"C","A","20150101","2015","52","2015","826","GBR","United Kingdom","X","Export","528","NLD","Netherlands","0","W00","World","H4","HS","true","1005","Maize (corn)","4","false","C00","TOTAL CPC","0","0","TOTAL MOT","8","kg","19296","false","-1","N/A",,"false","19296","false",,"false",,"27072","27072","0","true","false",
"C","A","20150101","2015","52","2015","826","GBR","United Kingdom","X","Export","616","POL","Poland","0","W00","World","H4","HS","true","1005","Maize (corn)","4","false","C00","TOTAL CPC","0","0","TOTAL MOT","8","kg","6","false","-1","N/A",,"false","6","false",,"false",,"110","110","0","true","false",
"C","A","20150101","2015","52","2015","826","GBR","United Kingdom","X","Export","642","ROU","Romania","0","W00","World","H4","HS","true","1005","Maize (corn)","4","false","C00","TOTAL CPC","0","0","TOTAL MOT","8","kg","6","false","-1","N/A",,"false","6","false",,"false",,"20","20","0","true","false",
"C","A","20150101","2015","52","2015","826","GBR","United Kingdom","X","Export","724","ESP","Spain","0","W00","World","H4","HS","true","1005","Maize (corn)","4","false","C00","TOTAL CPC","0","0","TOTAL MOT","8","kg","17461813","false","-1","N/A",,"false","17461813","false",,"false",,"4544169","4544169","0","true","false",
"C","A","20160101","2016","52","2016","826","GBR","United Kingdom","X","Export","56","BEL","Belgium","0","W00","World","H4","HS","true","1001","Wheat and meslin","4","false","C00","TOTAL CPC","0","0","TOTAL MOT","8","kg","68205299","false","-1","N/A",,"false","68205299","false",,"false",,"13446807","13446807","0","true","false",
"C","A","20160101","2016","52","2016","826","GBR","United Kingdom","X","Export","203","CZE","Czechia","0","W00","World","H4","HS","true","1001","Wheat and meslin","4","false","C00","TOTAL CPC","0","0","TOTAL MOT","8","kg","864","false","-1","N/A",,"false","864","false",,"false",,"3841","3841","0","true","false",
"C","A","20160101","2016","52","2016","826","GBR","United Kingdom","X","Export","251","FRA","France","0","W00","World","H4","HS","true","1001","Wheat and meslin","4","false","C00","TOTAL CPC","0","0","TOTAL MOT","8","kg","144345254","false","-1","N/A",,"false","144345254","false",,"false",,"24449437","24449437","0","true","false",
"C","A","20160101","2016","52","2016","826","GBR","United Kingdom","X","Export","276","DEU","Germany","0","W00","World","H4","HS","true","1001","Wheat and meslin","4","false","C00","TOTAL CPC","0","0","TOTAL MOT","8","kg","12323103","false","-1","N/A",,"false","12323103","false",,"false",,"2090084","2090084","0","true","false",
"C","A","20160101","2016","52","2016","826","GBR","United Kingdom","X","Export","372","IRL","Ireland","0","W00","World","H4","HS","true","1001","Wheat and meslin","4","false","C00","TOTAL CPC","0","0","TOTAL MOT","8","kg","211231042","false","-1","N/A",,"false","211231042","false",,"false",,"39117848","39117848","0","true","false",
"C","A","20160101","2016","52","2016","826","GBR","United Kingdom","X","Export","380","ITA","Italy","0","W00","World","H4","HS","true","1001","Wheat and meslin","4","false","C00","TOTAL CPC","0","0","TOTAL MOT","8","kg","40369616","false","-1","N/A",,"false","40369616","false",,"false",,"7453609","7453609","0","true","false",
"C","A","20160101","2016","52","2016","826","GBR","United Kingdom","X","Export","528","NLD","Netherlands","0","W00","World","H4","HS","true","1001","Wheat and meslin","4","false","C00","TOTAL CPC","0","0","TOTAL MOT","8","kg","378767104","false","-1","N/A",,"false","378767104","false",,"false",,"64531493","64531493","0","true","false",
"C","A","20160101","2016","52","2016","826","GBR","United Kingdom","X","Export","616","POL","Poland","0","W00","World","H4","HS","true","1001","Wheat and meslin","4","false","C00","TOTAL CPC","0","0","TOTAL MOT","8","kg","73","false","-1","N/A",,"false","73","false",,"false",,"449","449","0","true","false",
"C","A","20160101","2016","52","2016","826","GBR","United Kingdom","X","Export","642","ROU","Romania","0","W00","World","H4","HS","true","1001","Wheat and meslin","4","false","C00","TOTAL CPC","0","0","TOTAL MOT","8","kg","45","false","-1","N/A",,"false","45","false",,"false",,"192","192","0","true","false",
"C","A","20160101","2016","52","2016","826","GBR","United Kingdom","X","Export","724","ESP","Spain","0","W00","World","H4","HS","true","1001","Wheat and meslin","4","false","C00","TOTAL CPC","0","0","TOTAL MOT","8","kg","993939928","false","-1","N/A",,"false","993939928","false",,"false",,"177649664","177649664","0","true","false",
"C","A","20160101","2016","52","2016","826","GBR","United Kingdom","X","Export","56","BEL","Belgium","0","W00","World","H4","HS","true","1003","Barley","4","false","C00","TOTAL CPC","0","0","TOTAL MOT","8","kg","121784062","false","-1","N/A",,"false","121784062","false",,"false",,"26485153","26485153","0","true","false",
"C","A","20160101","2016","52","2016","826","GBR","United Kingdom","X","Export","203","CZE","Czechia","0","W00","World","H4","HS","true","1003","Barley","4","false","C00","TOTAL CPC","0","0","TOTAL MOT","8","kg","533","false","-1","N/A",,"false","533","false",,"false",,"751","751","0","true","false",
"C","A","20160101","2016","52","2016","826","GBR","United Kingdom","X","Export","251","FRA","France","0","W00","World","H4","HS","true","1003","Barley","4","false","C00","TOTAL CPC","0","0","TOTAL MOT","8","kg","66393302","false","-1","N/A",,"false","66393302","false",,"false",,"11607422","11607422","0","true","false",
"C","A","20160101","2016","52","2016","826","GBR","United Kingdom","X","Export","276","DEU","Germany","0","W00","World","H4","HS","true","1003","Barley","4","false","C00","TOTAL CPC","0","0","TOTAL MOT","8","kg","129252121","false","-1","N/A",,"false","129252121","false",,"false",,"25518363","25518363","0","true","false",
"C","A","20160101","2016","52","2016","826","GBR","United Kingdom","X","Export","348","HUN","Hungary","0","W00","World","H4","HS","true","1003","Barley","4","false","C00","TOTAL CPC","0","0","TOTAL MOT","8","kg","1096","false","-1","N/A",,"false","1096","false",,"false",,"826","826","0","true","false",
"C","A","20160101","2016","52","2016","826","GBR","United Kingdom","X","Export","372","IRL","Ireland","0","W00","World","H4","HS","true","1003","Barley","4","false","C00","TOTAL CPC","0","0","TOTAL MOT","8","kg","88428340","false","-1","N/A",,"false","88428340","false",,"false",,"16177813","16177813","0","true","false",
"C","A","20160101","2016","52","2016","826","GBR","United Kingdom","X","Export","380","ITA","Italy","0","W00","World","H4","HS","true","1003","Barley","4","false","C00","TOTAL CPC","0","0","TOTAL MOT","8","kg","5060832","false","-1","N/A",,"false","5060832","false",,"false",,"908297","908297","0","true","false",
"C","A","20160101","2016","52","2016","826","GBR","United Kingdom","X","Export","528","NLD","Netherlands","0","W00","World","H4","HS","true","1003","Barley","4","false","C00","TOTAL CPC","0","0","TOTAL MOT","8","kg","182557339","false","-1","N/A",,"false","182557339","false",,"false",,"33016364","33016364","0","true","false",
"C","A","20160101","2016","52","2016","826","GBR","United Kingdom","X","Export","616","POL","Poland","0","W00","World","H4","HS","true","1003","Barley","4","false","C00","TOTAL CPC","0","0","TOTAL MOT","8","kg","2103","false","-1","N/A",,"false","2103","false",,"false",,"2316","2316","0","true","false",
"C","A","20160101","2016","52","2016","826","GBR","United Kingdom","X","Export","642","ROU","Romania","0","W00","World","H4","HS","true","1003","Barley","4","false","C00","TOTAL CPC","0","0","TOTAL MOT","8","kg","343","false","-1","N/A",,"false","343","false",,"false",,"1246","1246","0","true","false",
"C","A","20160101","2016","52","2016","826","GBR","United Kingdom","X","Export","724","ESP","Spain","0","W00","World","H4","HS","true","1003","Barley","4","false","C00","TOTAL CPC","0","0","TOTAL MOT","8","kg","449426437","false","-1","N/A",,"false","449426437","false",,"false",,"76893920","76893920","0","true","false",
"C","A","20160101","2016","52","2016","826","GBR","United Kingdom","X","Export","56","BEL","Belgium","0","W00","World","H4","HS","true","1005","Maize (corn)","4","false","C00","TOTAL CPC","0","0","TOTAL MOT","8","kg","4396","false","-1","N/A",,"false","4396","false",,"false",,"4969","4969","0","true","false",
"C","A","20160101","2016","52","2016","826","GBR","United Kingdom","X","Export","203","CZE","Czechia","0","W00","World","H4","HS","true","1005","Maize (corn)","4","false","C00","TOTAL CPC","0","0","TOTAL MOT","8","kg","2825","false","-1","N/A",,"false","2825","false",,"false",,"6217","6217","0","true","false",
"C","A","20160101","2016","52","2016","826","GBR","United Kingdom","X","Export","251","FRA","France","0","W00","World","H4","HS","true","1005","Maize (corn)","4","false","C00","TOTAL CPC","0","0","TOTAL MOT","8","kg","179213","false","-1","N/A",,"false","179213","false",,"false",,"821362","821362","0","true","false",
"C","A","20160101","2016","52","2016","826","GBR","United Kingdom","X","Export","276","DEU","Germany","0","W00","World","H4","HS","true","1005","Maize (corn)","4","false","C00","TOTAL CPC","0","0","TOTAL MOT","8","kg","13267","false","-1","N/A",,"false","13267","false",,"false",,"20867","20867","0","true","false",
"C","A","20160101","2016","52","2016","826","GBR","United Kingdom","X","Export","348","HUN","Hungary","0","W00","World","H4","HS","true","1005","Maize (corn)","4","false","C00","TOTAL CPC","0","0","TOTAL MOT","8","kg","179","false","-1","N/A",,"false","179","false",,"false",,"523","523","0","true","false",
"C","A","20160101","2016","52","2016","826","GBR","United Kingdom","X","Export","372","IRL","Ireland","0","W00","World","H4","HS","true","1005","Maize (corn)","4","false","C00","TOTAL CPC","0","0","TOTAL MOT","8","kg","153501315","false","-1","N/A",,"false","153501315","false",,"false",,"32439524","32439524","0","true","false",
"C","A","20160101","2016","52","2016","826","GBR","United Kingdom","X","Export","380","ITA","Italy","0","W00","World","H4","HS","true","1005","Maize (corn)","4","false","C00","TOTAL CPC","0","0","TOTAL MOT","8","kg","7097","false","-1","N/A",,"false","7097","false",,"false",,"8856","8856","0","true","false",
"C","A","20160101","2016","52","2016","826","GBR","United Kingdom","X","Export","528","NLD","Netherlands","0","W00","World","H4","HS","true","1005","Maize (corn)","4","false","C00","TOTAL CPC","0","0","TOTAL MOT","8","kg","28575","false","-1","N/A",,"false","28575","false",,"false",,"53298","53298","0","true","false",
"C","A","20160101","2016","52","2016","826","GBR","United Kingdom","X","Export","616","POL","Poland","0","W00","World","H4","HS","true","1005","Maize (corn)","4","false","C00","TOTAL CPC","0","0","TOTAL MOT","8","kg","142","false","-1","N/A",,"false","142","false",,"false",,"92","92","0","true","false",
"C","A","20160101","2016","52","2016","826","GBR","United Kingdom","X","Export","642","ROU","Romania","0","W00","World","H4","HS","true","1005","Maize (corn)","4","false","C00","TOTAL CPC","0","0","TOTAL MOT","8","kg","6","false","-1","N/A",,"false","6","false",,"false",,"18","18","0","true","false",
"C","A","20160101","2016","52","2016","826","GBR","United Kingdom","X","Export","724","ESP","Spain","0","W00","World","H4","HS","true","1005","Maize (corn)","4","false","C00","TOTAL CPC","0","0","TOTAL MOT","8","kg","12671","false","-1","N/A",,"false","12671","false",,"false",,"19986","19986","0","true","false",
"C","A","20170101","2017","52","2017","826","GBR","United Kingdom","X","Export","56","BEL","Belgium","0","W00","World","H5","HS","true","1001","Wheat and meslin","4","false","C00","TOTAL CPC","0 ","0","TOTAL MOT","8","kg","139437718","false","8","kg","139437718","false","139437718","false","0","false",,"27521656.774","27521656.774","0","false","true",
"C","A","20170101","2017","52","2017","826","GBR","United Kingdom","X","Export","203","CZE","Czechia","0","W00","World","H5","HS","true","1001","Wheat and meslin","4","false","C00","TOTAL CPC","0 ","0","TOTAL MOT","8","kg","6051","false","8","kg","6051","false","6051","false","0","false",,"20030.531","20030.531","0","false","true",
"C","A","20170101","2017","52","2017","826","GBR","United Kingdom","X","Export","251","FRA","France","0","W00","World","H5","HS","true","1001","Wheat and meslin","4","false","C00","TOTAL CPC","0 ","0","TOTAL MOT","8","kg","967582","false","8","kg","967582","false","967582","false","0","false",,"436414.03","436414.03","0","false","true",
"C","A","20170101","2017","52","2017","826","GBR","United Kingdom","X","Export","276","DEU","Germany","0","W00","World","H5","HS","true","1001","Wheat and meslin","4","false","C00","TOTAL CPC","0 ","0","TOTAL MOT","8","kg","3176400","false","8","kg","3176400","false","3176400","false","0","false",,"616478.759","616478.759","0","false","true",
"C","A","20170101","2017","52","2017","826","GBR","United Kingdom","X","Export","348","HUN","Hungary","0","W00","World","H5","HS","true","1001","Wheat and meslin","4","false","C00","TOTAL CPC","0 ","0","TOTAL MOT","8","kg","62","false","8","kg","62","false","62","false","0","false",,"438.136","438.136","0","false","true",
"C","A","20170101","2017","52","2017","826","GBR","United Kingdom","X","Export","372","IRL","Ireland","0","W00","World","H5","HS","true","1001","Wheat and meslin","4","false","C00","TOTAL CPC","0 ","0","TOTAL MOT","8","kg","187602119","false","8","kg","187602119","false","187602119","false","0","false",,"37064254.988","37064254.988","0","false","true",
"C","A","20170101","2017","52","2017","826","GBR","United Kingdom","X","Export","380","ITA","Italy","0","W00","World","H5","HS","true","1001","Wheat and meslin","4","false","C00","TOTAL CPC","0 ","0","TOTAL MOT","8","kg","26677313","false","8","kg","26677313","false","26677313","false","0","false",,"5585583.868","5585583.868","0","false","true",
"C","A","20170101","2017","52","2017","826","GBR","United Kingdom","X","Export","528","NLD","Netherlands","0","W00","World","H5","HS","true","1001","Wheat and meslin","4","false","C00","TOTAL CPC","0 ","0","TOTAL MOT","8","kg","134642915","false","8","kg","134642915","false","134642915","false","0","false",,"24793901.567","24793901.567","0","false","true",
"C","A","20170101","2017","52","2017","826","GBR","United Kingdom","X","Export","616","POL","Poland","0","W00","World","H5","HS","true","1001","Wheat and meslin","4","false","C00","TOTAL CPC","0 ","0","TOTAL MOT","8","kg","29560.736","true","-1","N/A","0","false","29560.736","true","0","false",,"14970.064","14970.064","0","false","true",
"C","A","20170101","2017","52","2017","826","GBR","United Kingdom","X","Export","724","ESP","Spain","0","W00","World","H5","HS","true","1001","Wheat and meslin","4","false","C00","TOTAL CPC","0 ","0","TOTAL MOT","8","kg","99908137","false","8","kg","99908137","false","99908137","false","0","false",,"20935367.227","20935367.227","0","false","true",
"C","A","20170101","2017","52","2017","826","GBR","United Kingdom","X","Export","56","BEL","Belgium","0","W00","World","H5","HS","true","1003","Barley","4","false","C00","TOTAL CPC","0 ","0","TOTAL MOT","8","kg","124009530","false","8","kg","124009530","false","124009530","false","0","false",,"27066511.157","27066511.157","0","false","true",
"C","A","20170101","2017","52","2017","826","GBR","United Kingdom","X","Export","203","CZE","Czechia","0","W00","World","H5","HS","true","1003","Barley","4","false","C00","TOTAL CPC","0 ","0","TOTAL MOT","8","kg","10406","false","8","kg","10406","false","10406","false","0","false",,"8867.092","8867.092","0","false","true",
"C","A","20170101","2017","52","2017","826","GBR","United Kingdom","X","Export","251","FRA","France","0","W00","World","H5","HS","true","1003","Barley","4","false","C00","TOTAL CPC","0 ","0","TOTAL MOT","8","kg","31095035","false","8","kg","31095035","false","31095035","false","0","false",,"6865053.351","6865053.351","0","false","true",
"C","A","20170101","2017","52","2017","826","GBR","United Kingdom","X","Export","276","DEU","Germany","0","W00","World","H5","HS","true","1003","Barley","4","false","C00","TOTAL CPC","0 ","0","TOTAL MOT","8","kg","122307801","false","8","kg","122307801","false","122307801","false","0","false",,"25094559.267","25094559.267","0","false","true",
"C","A","20170101","2017","52","2017","826","GBR","United Kingdom","X","Export","348","HUN","Hungary","0","W00","World","H5","HS","true","1003","Barley","4","false","C00","TOTAL CPC","0 ","0","TOTAL MOT","8","kg","13290","false","8","kg","13290","false","13290","false","0","false",,"5224.123","5224.123","0","false","true",
"C","A","20170101","2017","52","2017","826","GBR","United Kingdom","X","Export","372","IRL","Ireland","0","W00","World","H5","HS","true","1003","Barley","4","false","C00","TOTAL CPC","0 ","0","TOTAL MOT","8","kg","158322768","false","8","kg","158322768","false","158322768","false","0","false",,"29228258.255","29228258.255","0","false","true",
"C","A","20170101","2017","52","2017","826","GBR","United Kingdom","X","Export","380","ITA","Italy","0","W00","World","H5","HS","true","1003","Barley","4","false","C00","TOTAL CPC","0 ","0","TOTAL MOT","8","kg","352","false","8","kg","352","false","352","false","0","false",,"266.747","266.747","0","false","true",
"C","A","20170101","2017","52","2017","826","GBR","United Kingdom","X","Export","528","NLD","Netherlands","0","W00","World","H5","HS","true","1003","Barley","4","false","C00","TOTAL CPC","0 ","0","TOTAL MOT","8","kg","184260038","false","8","kg","184260038","false","184260038","false","0","false",,"35824818.217","35824818.217","0","false","true",
"C","A","20170101","2017","52","2017","826","GBR","United Kingdom","X","Export","616","POL","Poland","0","W00","World","H5","HS","true","1003","Barley","4","false","C00","TOTAL CPC","0 ","0","TOTAL MOT","8","kg","2834325","false","8","kg","2834325","false","2834325","false","0","false",,"520337.624","520337.624","0","false","true",
"C","A","20170101","2017","52","2017","826","GBR","United Kingdom","X","Export","642","ROU","Romania","0","W00","World","H5","HS","true","1003","Barley","4","false","C00","TOTAL CPC","0 ","0","TOTAL MOT","8","kg","4644","false","8","kg","4644","false","4644","false","0","false",,"2605.618","2605.618","0","false","true",
"C","A","20170101","2017","52","2017","826","GBR","United Kingdom","X","Export","724","ESP","Spain","0","W00","World","H5","HS","true","1003","Barley","4","false","C00","TOTAL CPC","0 ","0","TOTAL MOT","8","kg","217984906","false","8","kg","217984906","false","217984906","false","0","false",,"38419073.494","38419073.494","0","false","true",
"C","A","20170101","2017","52","2017","826","GBR","United Kingdom","X","Export","56","BEL","Belgium","0","W00","World","H5","HS","true","1005","Maize (corn)","4","false","C00","TOTAL CPC","0 ","0","TOTAL MOT","8","kg","4299","false","8","kg","4299","false","4299","false","0","false",,"6511.469","6511.469","0","false","true",
"C","A","20170101","2017","52","2017","826","GBR","United Kingdom","X","Export","203","CZE","Czechia","0","W00","World","H5","HS","true","1005","Maize (corn)","4","false","C00","TOTAL CPC","0 ","0","TOTAL MOT","8","kg","400","false","8","kg","400","false","400","false","0","false",,"5319.482","5319.482","0","false","true",
"C","A","20170101","2017","52","2017","826","GBR","United Kingdom","X","Export","251","FRA","France","0","W00","World","H5","HS","true","1005","Maize (corn)","4","false","C00","TOTAL CPC","0 ","0","TOTAL MOT","8","kg","4606614","false","8","kg","4606614","false","4606614","false","0","false",,"1323098.773","1323098.773","0","false","true",
"C","A","20170101","2017","52","2017","826","GBR","United Kingdom","X","Export","276","DEU","Germany","0","W00","World","H5","HS","true","1005","Maize (corn)","4","false","C00","TOTAL CPC","0 ","0","TOTAL MOT","8","kg","744740","false","8","kg","744740","false","744740","false","0","false",,"321635.377","321635.377","0","false","true",
"C","A","20170101","2017","52","2017","826","GBR","United Kingdom","X","Export","348","HUN","Hungary","0","W00","World","H5","HS","true","1005","Maize (corn)","4","false","C00","TOTAL CPC","0 ","0","TOTAL MOT","8","kg","124","false","8","kg","124","false","124","false","0","false",,"851.787","851.787","0","false","true",
"C","A","20170101","2017","52","2017","826","GBR","United Kingdom","X","Export","372","IRL","Ireland","0","W00","World","H5","HS","true","1005","Maize (corn)","4","false","C00","TOTAL CPC","0 ","0","TOTAL MOT","8","kg","155490897","false","8","kg","155490897","false","155490897","false","0","false",,"32962423.925","32962423.925","0","false","true",
"C","A","20170101","2017","52","2017","826","GBR","United Kingdom","X","Export","380","ITA","Italy","0","W00","World","H5","HS","true","1005","Maize (corn)","4","false","C00","TOTAL CPC","0 ","0","TOTAL MOT","8","kg","37962","false","8","kg","37962","false","37962","false","0","false",,"17918.459","17918.459","0","false","true",
"C","A","20170101","2017","52","2017","826","GBR","United Kingdom","X","Export","528","NLD","Netherlands","0","W00","World","H5","HS","true","1005","Maize (corn)","4","false","C00","TOTAL CPC","0 ","0","TOTAL MOT","8","kg","39586","false","8","kg","39586","false","39586","false","0","false",,"48309.609","48309.609","0","false","true",
"C","A","20170101","2017","52","2017","826","GBR","United Kingdom","X","Export","616","POL","Poland","0","W00","World","H5","HS","true","1005","Maize (corn)","4","false","C00","TOTAL CPC","0 ","0","TOTAL MOT","8","kg","272","false","8","kg","272","false","272","false","0","false",,"1537.341","1537.341","0","false","true",
"C","A","20170101","2017","52","2017","826","GBR","United Kingdom","X","Export","642","ROU","Romania","0","W00","World","H5","HS","true","1005","Maize (corn)","4","false","C00","TOTAL CPC","0 ","0","TOTAL MOT","8","kg","260.667","true","-1","N/A","0","false","260.667","true","0","false",,"96.648","96.648","0","false","true",
"C","A","20170101","2017","52","2017","826","GBR","United Kingdom","X","Export","724","ESP","Spain","0","W00","World","H5","HS","true","1005","Maize (corn)","4","false","C00","TOTAL CPC","0 ","0","TOTAL MOT","8","kg","3903258","false","8","kg","3903258","false","3903258","false","0","false",,"1210836.823","1210836.823","0","false","true",
"C","A","20180101","2018","52","2018","826","GBR","United Kingdom","X","Export","56","BEL","Belgium","0","W00","World","H5","HS","true","1001","Wheat and meslin","4","false","C00","TOTAL CPC","0 ","0","TOTAL MOT","8","kg","8932036","false","8","kg","8932036","false","8932036","false","0","false",,"2316839.508","2316839.508","0","false","true",
"C","A","20180101","2018","52","2018","826","GBR","United Kingdom","X","Export","203","CZE","Czechia","0","W00","World","H5","HS","true","1001","Wheat and meslin","4","false","C00","TOTAL CPC","0 ","0","TOTAL MOT","8","kg","7688","false","8","kg","7688","false","7688","false","0","false",,"22744.775","22744.775","0","false","true",
"C","A","20180101","2018","52","2018","826","GBR","United Kingdom","X","Export","251","FRA","France","0","W00","World","H5","HS","true","1001","Wheat and meslin","4","false","C00","TOTAL CPC","0 ","0","TOTAL MOT","8","kg","928916.435","true","-1","N/A","0","false","928916.435","true","0","false",,"450405.021","450405.021","0","false","true",
"C","A","20180101","2018","52","2018","826","GBR","United Kingdom","X","Export","276","DEU","Germany","0","W00","World","H5","HS","true","1001","Wheat and meslin","4","false","C00","TOTAL CPC","0 ","0","TOTAL MOT","8","kg","380721.359","true","-1","N/A","0","false","380721.359","true","0","false",,"104055.446","104055.446","0","false","true",
"C","A","20180101","2018","52","2018","826","GBR","United Kingdom","X","Export","348","HUN","Hungary","0","W00","World","H5","HS","true","1001","Wheat and meslin","4","false","C00","TOTAL CPC","0 ","0","TOTAL MOT","8","kg","330","false","8","kg","330","false","330","false","0","false",,"125.477","125.477","0","false","true",
"C","A","20180101","2018","52","2018","826","GBR","United Kingdom","X","Export","372","IRL","Ireland","0","W00","World","H5","HS","true","1001","Wheat and meslin","4","false","C00","TOTAL CPC","0 ","0","TOTAL MOT","8","kg","202050668","false","8","kg","202050668","false","202050668","false","0","false",,"48013689.74","48013689.74","0","false","true",
"C","A","20180101","2018","52","2018","826","GBR","United Kingdom","X","Export","380","ITA","Italy","0","W00","World","H5","HS","true","1001","Wheat and meslin","4","false","C00","TOTAL CPC","0 ","0","TOTAL MOT","8","kg","13200093","false","8","kg","13200093","false","13200093","false","0","false",,"3431987.59","3431987.59","0","false","true",
"C","A","20180101","2018","52","2018","826","GBR","United Kingdom","X","Export","528","NLD","Netherlands","0","W00","World","H5","HS","true","1001","Wheat and meslin","4","false","C00","TOTAL CPC","0 ","0","TOTAL MOT","8","kg","71646774.659","true","-1","N/A","0","false","71646774.659","true","0","false",,"15065277.482","15065277.482","0","false","true",
"C","A","20180101","2018","52","2018","826","GBR","United Kingdom","X","Export","616","POL","Poland","0","W00","World","H5","HS","true","1001","Wheat and meslin","4","false","C00","TOTAL CPC","0 ","0","TOTAL MOT","8","kg","203951","false","8","kg","203951","false","203951","false","0","false",,"119000.601","119000.601","0","false","true",
"C","A","20180101","2018","52","2018","826","GBR","United Kingdom","X","Export","642","ROU","Romania","0","W00","World","H5","HS","true","1001","Wheat and meslin","4","false","C00","TOTAL CPC","0 ","0","TOTAL MOT","8","kg","23084","false","8","kg","23084","false","23084","false","0","false",,"9561.643","9561.643","0","false","true",
"C","A","20180101","2018","52","2018","826","GBR","United Kingdom","X","Export","724","ESP","Spain","0","W00","World","H5","HS","true","1001","Wheat and meslin","4","false","C00","TOTAL CPC","0 ","0","TOTAL MOT","8","kg","54189582","false","8","kg","54189582","false","54189582","false","0","false",,"12577083.943","12577083.943","0","false","true",
"C","A","20180101","2018","52","2018","826","GBR","United Kingdom","X","Export","56","BEL","Belgium","0","W00","World","H5","HS","true","1003","Barley","4","false","C00","TOTAL CPC","0 ","0","TOTAL MOT","8","kg","130172150","false","8","kg","130172150","false","130172150","false","0","false",,"30847679.487","30847679.487","0","false","true",
"C","A","20180101","2018","52","2018","826","GBR","United Kingdom","X","Export","203","CZE","Czechia","0","W00","World","H5","HS","true","1003","Barley","4","false","C00","TOTAL CPC","0 ","0","TOTAL MOT","8","kg","213","false","8","kg","213","false","213","false","0","false",,"1021.172","1021.172","0","false","true",
"C","A","20180101","2018","52","2018","826","GBR","United Kingdom","X","Export","251","FRA","France","0","W00","World","H5","HS","true","1003","Barley","4","false","C00","TOTAL CPC","0 ","0","TOTAL MOT","8","kg","33818866","false","8","kg","33818866","false","33818866","false","0","false",,"7077543.002","7077543.002","0","false","true",
"C","A","20180101","2018","52","2018","826","GBR","United Kingdom","X","Export","276","DEU","Germany","0","W00","World","H5","HS","true","1003","Barley","4","false","C00","TOTAL CPC","0 ","0","TOTAL MOT","8","kg","57840973","false","8","kg","57840973","false","57840973","false","0","false",,"14578190.353","14578190.353","0","false","true",
"C","A","20180101","2018","52","2018","826","GBR","United Kingdom","X","Export","348","HUN","Hungary","0","W00","World","H5","HS","true","1003","Barley","4","false","C00","TOTAL CPC","0 ","0","TOTAL MOT","8","kg","974","false","8","kg","974","false","974","false","0","false",,"2199.859","2199.859","0","false","true",
"C","A","20180101","2018","52","2018","826","GBR","United Kingdom","X","Export","372","IRL","Ireland","0","W00","World","H5","HS","true","1003","Barley","4","false","C00","TOTAL CPC","0 ","0","TOTAL MOT","8","kg","242592911","false","8","kg","242592911","false","242592911","false","0","false",,"53659232.944","53659232.944","0","false","true",
"C","A","20180101","2018","52","2018","826","GBR","United Kingdom","X","Export","380","ITA","Italy","0","W00","World","H5","HS","true","1003","Barley","4","false","C00","TOTAL CPC","0 ","0","TOTAL MOT","8","kg","7420931","false","8","kg","7420931","false","7420931","false","0","false",,"1733891.673","1733891.673","0","false","true",
"C","A","20180101","2018","52","2018","826","GBR","United Kingdom","X","Export","528","NLD","Netherlands","0","W00","World","H5","HS","true","1003","Barley","4","false","C00","TOTAL CPC","0 ","0","TOTAL MOT","8","kg","141065126","false","8","kg","141065126","false","141065126","false","0","false",,"34459473.477","34459473.477","0","false","true",
"C","A","20180101","2018","52","2018","826","GBR","United Kingdom","X","Export","616","POL","Poland","0","W00","World","H5","HS","true","1003","Barley","4","false","C00","TOTAL CPC","0 ","0","TOTAL MOT","8","kg","2954333","false","8","kg","2954333","false","2954333","false","0","false",,"996414.454","996414.454","0","false","true",
"C","A","20180101","2018","52","2018","826","GBR","United Kingdom","X","Export","642","ROU","Romania","0","W00","World","H5","HS","true","1003","Barley","4","false","C00","TOTAL CPC","0 ","0","TOTAL MOT","8","kg","6569980","false","8","kg","6569980","false","6569980","false","0","false",,"2071400.434","2071400.434","0","false","true",
"C","A","20180101","2018","52","2018","826","GBR","United Kingdom","X","Export","724","ESP","Spain","0","W00","World","H5","HS","true","1003","Barley","4","false","C00","TOTAL CPC","0 ","0","TOTAL MOT","8","kg","74820665","false","8","kg","74820665","false","74820665","false","0","false",,"15145853.976","15145853.976","0","false","true",
"C","A","20180101","2018","52","2018","826","GBR","United Kingdom","X","Export","56","BEL","Belgium","0","W00","World","H5","HS","true","1005","Maize (corn)","4","false","C00","TOTAL CPC","0 ","0","TOTAL MOT","8","kg","7480.567","true","-1","N/A","0","false","7480.567","true","0","false",,"6447.401","6447.401","0","false","true",
"C","A","20180101","2018","52","2018","826","GBR","United Kingdom","X","Export","203","CZE","Czechia","0","W00","World","H5","HS","true","1005","Maize (corn)","4","false","C00","TOTAL CPC","0 ","0","TOTAL MOT","8","kg","514","false","8","kg","514","false","514","false","0","false",,"763.543","763.543","0","false","true",
"C","A","20180101","2018","52","2018","826","GBR","United Kingdom","X","Export","251","FRA","France","0","W00","World","H5","HS","true","1005","Maize (corn)","4","false","C00","TOTAL CPC","0 ","0","TOTAL MOT","8","kg","303144","false","8","kg","303144","false","303144","false","0","false",,"120549.045","120549.045","0","false","true",
"C","A","20180101","2018","52","2018","826","GBR","United Kingdom","X","Export","276","DEU","Germany","0","W00","World","H5","HS","true","1005","Maize (corn)","4","false","C00","TOTAL CPC","0 ","0","TOTAL MOT","8","kg","34900","false","8","kg","34900","false","34900","false","0","false",,"60051.6","60051.6","0","false","true",
"C","A","20180101","2018","52","2018","826","GBR","United Kingdom","X","Export","348","HUN","Hungary","0","W00","World","H5","HS","true","1005","Maize (corn)","4","false","C00","TOTAL CPC","0 ","0","TOTAL MOT","8","kg","201","false","8","kg","201","false","201","false","0","false",,"2082.39","2082.39","0","false","true",
"C","A","20180101","2018","52","2018","826","GBR","United Kingdom","X","Export","372","IRL","Ireland","0","W00","World","H5","HS","true","1005","Maize (corn)","4","false","C00","TOTAL CPC","0 ","0","TOTAL MOT","8","kg","182796210","false","8","kg","182796210","false","182796210","false","0","false",,"40566235.449","40566235.449","0","false","true",
"C","A","20180101","2018","52","2018","826","GBR","United Kingdom","X","Export","380","ITA","Italy","0","W00","World","H5","HS","true","1005","Maize (corn)","4","false","C00","TOTAL CPC","0 ","0","TOTAL MOT","8","kg","8024","false","8","kg","8024","false","8024","false","0","false",,"14140.232","14140.232","0","false","true",
"C","A","20180101","2018","52","2018","826","GBR","United Kingdom","X","Export","528","NLD","Netherlands","0","W00","World","H5","HS","true","1005","Maize (corn)","4","false","C00","TOTAL CPC","0 ","0","TOTAL MOT","8","kg","31403.912","true","-1","N/A","0","false","31403.912","true","0","false",,"58715.4","58715.4","0","false","true",
"C","A","20180101","2018","52","2018","826","GBR","United Kingdom","X","Export","616","POL","Poland","0","W00","World","H5","HS","true","1005","Maize (corn)","4","false","C00","TOTAL CPC","0 ","0","TOTAL MOT","8","kg","12381.797","true","-1","N/A","0","false","12381.797","true","0","false",,"5252.696","5252.696","0","false","true",
"C","A","20180101","2018","52","2018","826","GBR","United Kingdom","X","Export","642","ROU","Romania","0","W00","World","H5","HS","true","1005","Maize (corn)","4","false","C00","TOTAL CPC","0 ","0","TOTAL MOT","8","kg","35","false","8","kg","35","false","35","false","0","false",,"66.743","66.743","0","false","true",
"C","A","20180101","2018","52","2018","826","GBR","United Kingdom","X","Export","724","ESP","Spain","0","W00","World","H5","HS","true","1005","Maize (corn)","4","false","C00","TOTAL CPC","0 ","0","TOTAL MOT","8","kg","1975","false","8","kg","1975","false","1975","false","0","false",,"14235.007","14235.007","0","false","true",
"C","A","20190101","2019","52","2019","826","GBR","United Kingdom","X","Export","56","BEL","Belgium","0","W00","World","H5","HS","true","1001","Wheat and meslin","4","false","C00","TOTAL CPC","0","0","TOTAL MOT","8","kg","14743369","false","8","kg","14743369","false","14743369","false","0","false",,"3839418.944","3839418.944","0","false","true",
"C","A","20190101","2019","52","2019","826","GBR","United Kingdom","X","Export","203","CZE","Czechia","0","W00","World","H5","HS","true","1001","Wheat and meslin","4","false","C00","TOTAL CPC","0","0","TOTAL MOT","8","kg","6120","false","8","kg","6120","false","6120","false","0","false",,"22134.416","22134.416","0","false","true",
"C","A","20190101","2019","52","2019","826","GBR","United Kingdom","X","Export","251","FRA","France","0","W00","World","H5","HS","true","1001","Wheat and meslin","4","false","C00","TOTAL CPC","0","0","TOTAL MOT","8","kg","1034455.766","true","-1","N/A","0","false","1034455.766","true","0","false",,"397521.655","397521.655","6","false","true",
"C","A","20190101","2019","52","2019","826","GBR","United Kingdom","X","Export","276","DEU","Germany","0","W00","World","H5","HS","true","1001","Wheat and meslin","4","false","C00","TOTAL CPC","0","0","TOTAL MOT","8","kg","6148614.762","true","-1","N/A","0","false","6148614.762","true","0","false",,"1412984.466","1412984.466","6","false","true",
"C","A","20190101","2019","52","2019","826","GBR","United Kingdom","X","Export","372","IRL","Ireland","0","W00","World","H5","HS","true","1001","Wheat and meslin","4","false","C00","TOTAL CPC","0","0","TOTAL MOT","8","kg","193872505","false","8","kg","193872505","false","193872505","false","0","false",,"41703710.632","41703710.632","0","false","true",
"C","A","20190101","2019","52","2019","826","GBR","United Kingdom","X","Export","380","ITA","Italy","0","W00","World","H5","HS","true","1001","Wheat and meslin","4","false","C00","TOTAL CPC","0","0","TOTAL MOT","8","kg","18675141","false","8","kg","18675141","false","18675141","false","0","false",,"4584092.439","4584092.439","0","false","true",
"C","A","20190101","2019","52","2019","826","GBR","United Kingdom","X","Export","528","NLD","Netherlands","0","W00","World","H5","HS","true","1001","Wheat and meslin","4","false","C00","TOTAL CPC","0","0","TOTAL MOT","8","kg","324676839","false","8","kg","324676839","false","324676839","false","0","false",,"65651375.269","65651375.269","0","false","true",
"C","A","20190101","2019","52","2019","826","GBR","United Kingdom","X","Export","616","POL","Poland","0","W00","World","H5","HS","true","1001","Wheat and meslin","4","false","C00","TOTAL CPC","0","0","TOTAL MOT","8","kg","6906","false","8","kg","6906","false","6906","false","0","false",,"5528.815","5528.815","0","false","true",
"C","A","20190101","2019","52","2019","826","GBR","United Kingdom","X","Export","642","ROU","Romania","0","W00","World","H5","HS","true","1001","Wheat and meslin","4","false","C00","TOTAL CPC","0","0","TOTAL MOT","8","kg","23237","false","8","kg","23237","false","23237","false","0","false",,"11772.838","11772.838","0","false","true",
"C","A","20190101","2019","52","2019","826","GBR","United Kingdom","X","Export","724","ESP","Spain","0","W00","World","H5","HS","true","1001","Wheat and meslin","4","false","C00","TOTAL CPC","0","0","TOTAL MOT","8","kg","261674920","false","8","kg","261674920","false","261674920","false","0","false",,"56130101.046","56130101.046","0","false","true",
"C","A","20190101","2019","52","2019","826","GBR","United Kingdom","X","Export","56","BEL","Belgium","0","W00","World","H5","HS","true","1003","Barley","4","false","C00","TOTAL CPC","0","0","TOTAL MOT","8","kg","71908074","false","8","kg","71908074","false","71908074","false","0","false",,"16726916.321","16726916.321","0","false","true",
"C","A","20190101","2019","52","2019","826","GBR","United Kingdom","X","Export","203","CZE","Czechia","0","W00","World","H5","HS","true","1003","Barley","4","false","C00","TOTAL CPC","0","0","TOTAL MOT","8","kg","8033925","false","8","kg","8033925","false","8033925","false","0","false",,"1679703.482","1679703.482","0","false","true",
"C","A","20190101","2019","52","2019","826","GBR","United Kingdom","X","Export","251","FRA","France","0","W00","World","H5","HS","true","1003","Barley","4","false","C00","TOTAL CPC","0","0","TOTAL MOT","8","kg","9630596","false","8","kg","9630596","false","9630596","false","0","false",,"2229878.663","2229878.663","0","false","true",
"C","A","20190101","2019","52","2019","826","GBR","United Kingdom","X","Export","276","DEU","Germany","0","W00","World","H5","HS","true","1003","Barley","4","false","C00","TOTAL CPC","0","0","TOTAL MOT","8","kg","131269525","false","8","kg","131269525","false","131269525","false","0","false",,"28828265.79","28828265.79","0","false","true",
"C","A","20190101","2019","52","2019","826","GBR","United Kingdom","X","Export","348","HUN","Hungary","0","W00","World","H5","HS","true","1003","Barley","4","false","C00","TOTAL CPC","0","0","TOTAL MOT","8","kg","5205","false","8","kg","5205","false","5205","false","0","false",,"2208.205","2208.205","0","false","true",
"C","A","20190101","2019","52","2019","826","GBR","United Kingdom","X","Export","372","IRL","Ireland","0","W00","World","H5","HS","true","1003","Barley","4","false","C00","TOTAL CPC","0","0","TOTAL MOT","8","kg","133290749","false","8","kg","133290749","false","133290749","false","0","false",,"28453331.943","28453331.943","0","false","true",
"C","A","20190101","2019","52","2019","826","GBR","United Kingdom","X","Export","380","ITA","Italy","0","W00","World","H5","HS","true","1003","Barley","4","false","C00","TOTAL CPC","0","0","TOTAL MOT","8","kg","92","false","8","kg","92","false","92","false","0","false",,"453.391","453.391","0","false","true",
"C","A","20190101","2019","52","2019","826","GBR","United Kingdom","X","Export","528","NLD","Netherlands","0","W00","World","H5","HS","true","1003","Barley","4","false","C00","TOTAL CPC","0","0","TOTAL MOT","8","kg","410758880","false","8","kg","410758880","false","410758880","false","0","false",,"81115149.626","81115149.626","0","false","true",
"C","A","20190101","2019","52","2019","826","GBR","United Kingdom","X","Export","616","POL","Poland","0","W00","World","H5","HS","true","1003","Barley","4","false","C00","TOTAL CPC","0","0","TOTAL MOT","8","kg","44024507","false","8","kg","44024507","false","44024507","false","0","false",,"9647830.313","9647830.313","0","false","true",
"C","A","20190101","2019","52","2019","826","GBR","United Kingdom","X","Export","642","ROU","Romania","0","W00","World","H5","HS","true","1003","Barley","4","false","C00","TOTAL CPC","0","0","TOTAL MOT","8","kg","5527521","false","8","kg","5527521","false","5527521","false","0","false",,"1320602.556","1320602.556","0","false","true",
"C","A","20190101","2019","52","2019","826","GBR","United Kingdom","X","Export","724","ESP","Spain","0","W00","World","H5","HS","true","1003","Barley","4","false","C00","TOTAL CPC","0","0","TOTAL MOT","8","kg","479769512","false","8","kg","479769512","false","479769512","false","0","false",,"91888785.326","91888785.326","0","false","true",
"C","A","20190101","2019","52","2019","826","GBR","United Kingdom","X","Export","56","BEL","Belgium","0","W00","World","H5","HS","true","1005","Maize (corn)","4","false","C00","TOTAL CPC","0","0","TOTAL MOT","8","kg","8371.652","true","-1","N/A","0","false","8371.652","true","0","false",,"7897.942","7897.942","6","false","true",
"C","A","20190101","2019","52","2019","826","GBR","United Kingdom","X","Export","203","CZE","Czechia","0","W00","World","H5","HS","true","1005","Maize (corn)","4","false","C00","TOTAL CPC","0","0","TOTAL MOT","8","kg","849","false","8","kg","849","false","849","false","0","false",,"2215.868","2215.868","0","false","true",
"C","A","20190101","2019","52","2019","826","GBR","United Kingdom","X","Export","251","FRA","France","0","W00","World","H5","HS","true","1005","Maize (corn)","4","false","C00","TOTAL CPC","0","0","TOTAL MOT","8","kg","134297","false","8","kg","134297","false","134297","false","0","false",,"159625.529","159625.529","0","false","true",
"C","A","20190101","2019","52","2019","826","GBR","United Kingdom","X","Export","276","DEU","Germany","0","W00","World","H5","HS","true","1005","Maize (corn)","4","false","C00","TOTAL CPC","0","0","TOTAL MOT","8","kg","11751","false","8","kg","11751","false","11751","false","0","false",,"14835.461","14835.461","0","false","true",
"C","A","20190101","2019","52","2019","826","GBR","United Kingdom","X","Export","348","HUN","Hungary","0","W00","World","H5","HS","true","1005","Maize (corn)","4","false","C00","TOTAL CPC","0","0","TOTAL MOT","8","kg","1592","false","8","kg","1592","false","1592","false","0","false",,"2376.79","2376.79","0","false","true",
"C","A","20190101","2019","52","2019","826","GBR","United Kingdom","X","Export","372","IRL","Ireland","0","W00","World","H5","HS","true","1005","Maize (corn)","4","false","C00","TOTAL CPC","0","0","TOTAL MOT","8","kg","160788723","false","8","kg","160788723","false","160788723","false","0","false",,"34289576.405","34289576.405","0","false","true",
"C","A","20190101","2019","52","2019","826","GBR","United Kingdom","X","Export","380","ITA","Italy","0","W00","World","H5","HS","true","1005","Maize (corn)","4","false","C00","TOTAL CPC","0","0","TOTAL MOT","8","kg","15348","false","8","kg","15348","false","15348","false","0","false",,"19794.664","19794.664","0","false","true",
"C","A","20190101","2019","52","2019","826","GBR","United Kingdom","X","Export","528","NLD","Netherlands","0","W00","World","H5","HS","true","1005","Maize (corn)","4","false","C00","TOTAL CPC","0","0","TOTAL MOT","8","kg","64198","false","8","kg","64198","false","64198","false","0","false",,"74776.294","74776.294","0","false","true",
"C","A","20190101","2019","52","2019","826","GBR","United Kingdom","X","Export","616","POL","Poland","0","W00","World","H5","HS","true","1005","Maize (corn)","4","false","C00","TOTAL CPC","0","0","TOTAL MOT","8","kg","2431","false","8","kg","2431","false","2431","false","0","false",,"1406.15","1406.15","0","false","true",
"C","A","20190101","2019","52","2019","826","GBR","United Kingdom","X","Export","642","ROU","Romania","0","W00","World","H5","HS","true","1005","Maize (corn)","4","false","C00","TOTAL CPC","0","0","TOTAL MOT","8","kg","58","false","8","kg","58","false","58","false","0","false",,"196.682","196.682","0","false","true",
"C","A","20190101","2019","52","2019","826","GBR","United Kingdom","X","Export","724","ESP","Spain","0","W00","World","H5","HS","true","1005","Maize (corn)","4","false","C00","TOTAL CPC","0","0","TOTAL MOT","8","kg","2245","false","8","kg","2245","false","2245","false","0","false",,"13835.447","13835.447","0","false","true",
"C","A","20200101","2020","52","2020","826","GBR","United Kingdom","X","Export","56","BEL","Belgium","0","W00","World","H5","HS","true","1001","Wheat and meslin","4","false","C00","TOTAL CPC","0","0","TOTAL MOT","8","kg","16189880","false","8","kg","16189880","false","16189880","false","0","false","0","3646411.17","3646411.17","0","false","true",
"C","A","20200101","2020","52","2020","826","GBR","United Kingdom","X","Export","203","CZE","Czechia","0","W00","World","H5","HS","true","1001","Wheat and meslin","4","false","C00","TOTAL CPC","0","0","TOTAL MOT","8","kg","5772","false","8","kg","5772","false","5772","false","0","false","0","20419.7","20419.7","0","false","true",
"C","A","20200101","2020","52","2020","826","GBR","United Kingdom","X","Export","251","FRA","France","0","W00","World","H5","HS","true","1001","Wheat and meslin","4","false","C00","TOTAL CPC","0","0","TOTAL MOT","8","kg","17413","false","8","kg","17413","false","17413","false","0","false","0","2057340.377","2057340.377","0","false","true",
"C","A","20200101","2020","52","2020","826","GBR","United Kingdom","X","Export","276","DEU","Germany","0","W00","World","H5","HS","true","1001","Wheat and meslin","4","false","C00","TOTAL CPC","0","0","TOTAL MOT","8","kg","6525380","false","8","kg","6525380","false","6525380","false","0","false","0","2025663.548","2025663.548","0","false","true",
"C","A","20200101","2020","52","2020","826","GBR","United Kingdom","X","Export","348","HUN","Hungary","0","W00","World","H5","HS","true","1001","Wheat and meslin","4","false","C00","TOTAL CPC","0","0","TOTAL MOT","8","kg","12","false","8","kg","12","false","12","false","0","false","0","42.431","42.431","0","false","true",
"C","A","20200101","2020","52","2020","826","GBR","United Kingdom","X","Export","372","IRL","Ireland","0","W00","World","H5","HS","true","1001","Wheat and meslin","4","false","C00","TOTAL CPC","0","0","TOTAL MOT","8","kg","189936438","false","8","kg","189936438","false","189936438","false","0","false","0","42028151.411","42028151.411","0","false","true",
"C","A","20200101","2020","52","2020","826","GBR","United Kingdom","X","Export","380","ITA","Italy","0","W00","World","H5","HS","true","1001","Wheat and meslin","4","false","C00","TOTAL CPC","0","0","TOTAL MOT","8","kg","12650003","false","8","kg","12650003","false","12650003","false","0","false","0","3066766.081","3066766.081","0","false","true",
"C","A","20200101","2020","52","2020","826","GBR","United Kingdom","X","Export","528","NLD","Netherlands","0","W00","World","H5","HS","true","1001","Wheat and meslin","4","false","C00","TOTAL CPC","0","0","TOTAL MOT","8","kg","60461819","false","8","kg","60461819","false","60461819","false","0","false","0","13533700.33","13533700.33","0","false","true",
"C","A","20200101","2020","52","2020","826","GBR","United Kingdom","X","Export","616","POL","Poland","0","W00","World","H5","HS","true","1001","Wheat and meslin","4","false","C00","TOTAL CPC","0","0","TOTAL MOT","8","kg","104","false","8","kg","104","false","104","false","0","false","0","627.468","627.468","0","false","true",
"C","A","20200101","2020","52","2020","826","GBR","United Kingdom","X","Export","642","ROU","Romania","0","W00","World","H5","HS","true","1001","Wheat and meslin","4","false","C00","TOTAL CPC","0","0","TOTAL MOT","8","kg","404","false","8","kg","404","false","404","false","0","false","0","1542.953","1542.953","0","false","true",
"C","A","20200101","2020","52","2020","826","GBR","United Kingdom","X","Export","724","ESP","Spain","0","W00","World","H5","HS","true","1001","Wheat and meslin","4","false","C00","TOTAL CPC","0","0","TOTAL MOT","8","kg","66259183","false","8","kg","66259183","false","66259183","false","0","false","0","15076753.83","15076753.83","0","false","true",
"C","A","20200101","2020","52","2020","826","GBR","United Kingdom","X","Export","56","BEL","Belgium","0","W00","World","H5","HS","true","1003","Barley","4","false","C00","TOTAL CPC","0","0","TOTAL MOT","8","kg","70472294","false","8","kg","70472294","false","70472294","false","0","false","0","15170831.545","15170831.545","0","false","true",
"C","A","20200101","2020","52","2020","826","GBR","United Kingdom","X","Export","203","CZE","Czechia","0","W00","World","H5","HS","true","1003","Barley","4","false","C00","TOTAL CPC","0","0","TOTAL MOT","8","kg","352","false","8","kg","352","false","352","false","0","false","0","3097.479","3097.479","0","false","true",
"C","A","20200101","2020","52","2020","826","GBR","United Kingdom","X","Export","251","FRA","France","0","W00","World","H5","HS","true","1003","Barley","4","false","C00","TOTAL CPC","0","0","TOTAL MOT","8","kg","56427300","false","8","kg","56427300","false","56427300","false","0","false","0","10637714.739","10637714.739","0","false","true",
"C","A","20200101","2020","52","2020","826","GBR","United Kingdom","X","Export","276","DEU","Germany","0","W00","World","H5","HS","true","1003","Barley","4","false","C00","TOTAL CPC","0","0","TOTAL MOT","8","kg","39388400","false","8","kg","39388400","false","39388400","false","0","false","0","7820099.598","7820099.598","0","false","true",
"C","A","20200101","2020","52","2020","826","GBR","United Kingdom","X","Export","348","HUN","Hungary","0","W00","World","H5","HS","true","1003","Barley","4","false","C00","TOTAL CPC","0","0","TOTAL MOT","8","kg","130","false","8","kg","130","false","130","false","0","false","0","767.619","767.619","0","false","true",
"C","A","20200101","2020","52","2020","826","GBR","United Kingdom","X","Export","372","IRL","Ireland","0","W00","World","H5","HS","true","1003","Barley","4","false","C00","TOTAL CPC","0","0","TOTAL MOT","8","kg","177362026","false","8","kg","177362026","false","177362026","false","0","false","0","35083095.293","35083095.293","0","false","true",
"C","A","20200101","2020","52","2020","826","GBR","United Kingdom","X","Export","380","ITA","Italy","0","W00","World","H5","HS","true","1003","Barley","4","false","C00","TOTAL CPC","0","0","TOTAL MOT","8","kg","5601930","false","8","kg","5601930","false","5601930","false","0","false","0","1032346.274","1032346.274","0","false","true",
"C","A","20200101","2020","52","2020","826","GBR","United Kingdom","X","Export","528","NLD","Netherlands","0","W00","World","H5","HS","true","1003","Barley","4","false","C00","TOTAL CPC","0","0","TOTAL MOT","8","kg","445382000","false","8","kg","445382000","false","445382000","false","0","false","0","82708058.736","82708058.736","0","false","true",
"C","A","20200101","2020","52","2020","826","GBR","United Kingdom","X","Export","616","POL","Poland","0","W00","World","H5","HS","true","1003","Barley","4","false","C00","TOTAL CPC","0","0","TOTAL MOT","8","kg","6277316","false","8","kg","6277316","false","6277316","false","0","false","0","1238605.688","1238605.688","0","false","true",
"C","A","20200101","2020","52","2020","826","GBR","United Kingdom","X","Export","642","ROU","Romania","0","W00","World","H5","HS","true","1003","Barley","4","false","C00","TOTAL CPC","0","0","TOTAL MOT","8","kg","3945","false","8","kg","3945","false","3945","false","0","false","0","1742.251","1742.251","0","false","true",
"C","A","20200101","2020","52","2020","826","GBR","United Kingdom","X","Export","724","ESP","Spain","0","W00","World","H5","HS","true","1003","Barley","4","false","C00","TOTAL CPC","0","0","TOTAL MOT","8","kg","98213914","false","8","kg","98213914","false","98213914","false","0","false","0","20373032.008","20373032.008","0","false","true",
"C","A","20200101","2020","52","2020","826","GBR","United Kingdom","X","Export","56","BEL","Belgium","0","W00","World","H5","HS","true","1005","Maize (corn)","4","false","C00","TOTAL CPC","0","0","TOTAL MOT","8","kg","6922","false","8","kg","6922","false","6922","false","0","false","0","9774.609","9774.609","0","false","true",
"C","A","20200101","2020","52","2020","826","GBR","United Kingdom","X","Export","203","CZE","Czechia","0","W00","World","H5","HS","true","1005","Maize (corn)","4","false","C00","TOTAL CPC","0","0","TOTAL MOT","8","kg","81","false","8","kg","81","false","81","false","0","false","0","1015.778","1015.778","0","false","true",
"C","A","20200101","2020","52","2020","826","GBR","United Kingdom","X","Export","251","FRA","France","0","W00","World","H5","HS","true","1005","Maize (corn)","4","false","C00","TOTAL CPC","0","0","TOTAL MOT","8","kg","4197007","false","8","kg","4197007","false","4197007","false","0","false","0","1590203.578","1590203.578","0","false","true",
"C","A","20200101","2020","52","2020","826","GBR","United Kingdom","X","Export","276","DEU","Germany","0","W00","World","H5","HS","true","1005","Maize (corn)","4","false","C00","TOTAL CPC","0","0","TOTAL MOT","8","kg","16780","false","8","kg","16780","false","16780","false","0","false","0","27254.983","27254.983","0","false","true",
"C","A","20200101","2020","52","2020","826","GBR","United Kingdom","X","Export","348","HUN","Hungary","0","W00","World","H5","HS","true","1005","Maize (corn)","4","false","C00","TOTAL CPC","0","0","TOTAL MOT","8","kg","285","false","8","kg","285","false","285","false","0","false","0","1828.4","1828.4","0","false","true",
"C","A","20200101","2020","52","2020","826","GBR","United Kingdom","X","Export","372","IRL","Ireland","0","W00","World","H5","HS","true","1005","Maize (corn)","4","false","C00","TOTAL CPC","0","0","TOTAL MOT","8","kg","125881442","false","8","kg","125881442","false","125881442","false","0","false","0","28065133.351","28065133.351","0","false","true",
"C","A","20200101","2020","52","2020","826","GBR","United Kingdom","X","Export","380","ITA","Italy","0","W00","World","H5","HS","true","1005","Maize (corn)","4","false","C00","TOTAL CPC","0","0","TOTAL MOT","8","kg","13345","false","8","kg","13345","false","13345","false","0","false","0","29016.521","29016.521","0","false","true",
"C","A","20200101","2020","52","2020","826","GBR","United Kingdom","X","Export","528","NLD","Netherlands","0","W00","World","H5","HS","true","1005","Maize (corn)","4","false","C00","TOTAL CPC","0","0","TOTAL MOT","8","kg","8727118","false","8","kg","8727118","false","8727118","false","0","false","0","576106.583","576106.583","0","false","true",
"C","A","20200101","2020","52","2020","826","GBR","United Kingdom","X","Export","616","POL","Poland","0","W00","World","H5","HS","true","1005","Maize (corn)","4","false","C00","TOTAL CPC","0","0","TOTAL MOT","8","kg","531","false","8","kg","531","false","531","false","0","false","0","4613.43","4613.43","0","false","true",
"C","A","20200101","2020","52","2020","826","GBR","United Kingdom","X","Export","642","ROU","Romania","0","W00","World","H5","HS","true","1005","Maize (corn)","4","false","C00","TOTAL CPC","0","0","TOTAL MOT","8","kg","44","false","8","kg","44","false","44","false","0","false","0","178.725","178.725","0","false","true",
"C","A","20200101","2020","52","2020","826","GBR","United Kingdom","X","Export","724","ESP","Spain","0","W00","World","H5","HS","true","1005","Maize (corn)","4","false","C00","TOTAL CPC","0","0","TOTAL MOT","8","kg","5742","false","8","kg","5742","false","5742","false","0","false","0","15174.945","15174.945","0","false","true",
"C","A","20210101","2021","52","2021","826","GBR","United Kingdom","X","Export","56","BEL","Belgium","0","W00","World","H5","HS","true","1001","Wheat and meslin","4","false","C00","TOTAL CPC","0","0","TOTAL MOT","8","kg","6543267.186","true","-1","N/A","0","false","6543267.186","true","0","false","0","2041935.881","2041935.881","6","false","true",
"C","A","20210101","2021","52","2021","826","GBR","United Kingdom","X","Export","203","CZE","Czechia","0","W00","World","H5","HS","true","1001","Wheat and meslin","4","false","C00","TOTAL CPC","0","0","TOTAL MOT","8","kg","3006","false","8","kg","3006","false","3006","false","0","false","0","5322.771","5322.771","0","false","true",
"C","A","20210101","2021","52","2021","826","GBR","United Kingdom","X","Export","251","FRA","France","0","W00","World","H5","HS","true","1001","Wheat and meslin","4","false","C00","TOTAL CPC","0","0","TOTAL MOT","8","kg","2271328.596","true","-1","N/A","0","false","2271328.596","true","0","false","0","795523.156","795523.156","6","false","true",
"C","A","20210101","2021","52","2021","826","GBR","United Kingdom","X","Export","276","DEU","Germany","0","W00","World","H5","HS","true","1001","Wheat and meslin","4","false","C00","TOTAL CPC","0","0","TOTAL MOT","8","kg","436502.943","true","-1","N/A","0","false","436502.943","true","0","false","0","89820.037","89820.037","6","false","true",
"C","A","20210101","2021","52","2021","826","GBR","United Kingdom","X","Export","372","IRL","Ireland","0","W00","World","H5","HS","true","1001","Wheat and meslin","4","false","C00","TOTAL CPC","0","0","TOTAL MOT","8","kg","133143513","false","8","kg","133143513","false","133143513","false","0","false","0","35853032.342","35853032.342","0","false","true",
"C","A","20210101","2021","52","2021","826","GBR","United Kingdom","X","Export","380","ITA","Italy","0","W00","World","H5","HS","true","1001","Wheat and meslin","4","false","C00","TOTAL CPC","0","0","TOTAL MOT","8","kg","3043","false","8","kg","3043","false","3043","false","0","false","0","10063.75","10063.75","0","false","true",
"C","A","20210101","2021","52","2021","826","GBR","United Kingdom","X","Export","528","NLD","Netherlands","0","W00","World","H5","HS","true","1001","Wheat and meslin","4","false","C00","TOTAL CPC","0","0","TOTAL MOT","-1","N/A","0","false","-1","N/A","0","false","0","false","0","false","0","6662049.974","6662049.974","0","false","true",
"C","A","20210101","2021","52","2021","826","GBR","United Kingdom","X","Export","616","POL","Poland","0","W00","World","H5","HS","true","1001","Wheat and meslin","4","false","C00","TOTAL CPC","0","0","TOTAL MOT","8","kg","13959.852","true","-1","N/A","0","false","13959.852","true","0","false","0","2926.836","2926.836","6","false","true",
"C","A","20210101","2021","52","2021","826","GBR","United Kingdom","X","Export","724","ESP","Spain","0","W00","World","H5","HS","true","1001","Wheat and meslin","4","false","C00","TOTAL CPC","0","0","TOTAL MOT","8","kg","102429574.72","true","-1","N/A","0","false","102429574.72","true","0","false","0","34352412.615","34352412.615","6","false","true",
"C","A","20210101","2021","52","2021","826","GBR","United Kingdom","X","Export","56","BEL","Belgium","0","W00","World","H5","HS","true","1003","Barley","4","false","C00","TOTAL CPC","0","0","TOTAL MOT","8","kg","94452441","false","8","kg","94452441","false","94452441","false","0","false","0","26609996.981","26609996.981","0","false","true",
"C","A","20210101","2021","52","2021","826","GBR","United Kingdom","X","Export","203","CZE","Czechia","0","W00","World","H5","HS","true","1003","Barley","4","false","C00","TOTAL CPC","0","0","TOTAL MOT","8","kg","23120","false","8","kg","23120","false","23120","false","0","false","0","12719.634","12719.634","0","false","true",
"C","A","20210101","2021","52","2021","826","GBR","United Kingdom","X","Export","251","FRA","France","0","W00","World","H5","HS","true","1003","Barley","4","false","C00","TOTAL CPC","0","0","TOTAL MOT","8","kg","3413","false","8","kg","3413","false","3413","false","0","false","0","6002.215","6002.215","0","false","true",
"C","A","20210101","2021","52","2021","826","GBR","United Kingdom","X","Export","276","DEU","Germany","0","W00","World","H5","HS","true","1003","Barley","4","false","C00","TOTAL CPC","0","0","TOTAL MOT","-1","N/A","0","false","-1","N/A","0","false","0","false","0","false","0","4025321.285","4025321.285","0","false","true",
"C","A","20210101","2021","52","2021","826","GBR","United Kingdom","X","Export","348","HUN","Hungary","0","W00","World","H5","HS","true","1003","Barley","4","false","C00","TOTAL CPC","0","0","TOTAL MOT","8","kg","50","false","8","kg","50","false","50","false","0","false","0","1695.86","1695.86","0","false","true",
"C","A","20210101","2021","52","2021","826","GBR","United Kingdom","X","Export","372","IRL","Ireland","0","W00","World","H5","HS","true","1003","Barley","4","false","C00","TOTAL CPC","0","0","TOTAL MOT","8","kg","130436990","false","8","kg","130436990","false","130436990","false","0","false","0","33742084.744","33742084.744","0","false","true",
"C","A","20210101","2021","52","2021","826","GBR","United Kingdom","X","Export","528","NLD","Netherlands","0","W00","World","H5","HS","true","1003","Barley","4","false","C00","TOTAL CPC","0","0","TOTAL MOT","8","kg","246038640","false","8","kg","246038640","false","246038640","false","0","false","0","64198830.242","64198830.242","0","false","true",
"C","A","20210101","2021","52","2021","826","GBR","United Kingdom","X","Export","616","POL","Poland","0","W00","World","H5","HS","true","1003","Barley","4","false","C00","TOTAL CPC","0","0","TOTAL MOT","8","kg","3000423","false","8","kg","3000423","false","3000423","false","0","false","0","906163.891","906163.891","0","false","true",
"C","A","20210101","2021","52","2021","826","GBR","United Kingdom","X","Export","724","ESP","Spain","0","W00","World","H5","HS","true","1003","Barley","4","false","C00","TOTAL CPC","0","0","TOTAL MOT","8","kg","66529997","false","8","kg","66529997","false","66529997","false","0","false","0","16237984.07","16237984.07","0","false","true",
"C","A","20210101","2021","52","2021","826","GBR","United Kingdom","X","Export","56","BEL","Belgium","0","W00","World","H5","HS","true","1005","Maize (corn)","4","false","C00","TOTAL CPC","0","0","TOTAL MOT","-1","N/A","0","false","-1","N/A","0","false","0","false","0","false","0","6423.085","6423.085","0","false","true",
"C","A","20210101","2021","52","2021","826","GBR","United Kingdom","X","Export","251","FRA","France","0","W00","World","H5","HS","true","1005","Maize (corn)","4","false","C00","TOTAL CPC","0","0","TOTAL MOT","8","kg","329826","false","8","kg","329826","false","329826","false","0","false","0","1650052.045","1650052.045","0","false","true",
"C","A","20210101","2021","52","2021","826","GBR","United Kingdom","X","Export","276","DEU","Germany","0","W00","World","H5","HS","true","1005","Maize (corn)","4","false","C00","TOTAL CPC","0","0","TOTAL MOT","8","kg","254488","false","8","kg","254488","false","254488","false","0","false","0","1508933.978","1508933.978","0","false","true",
"C","A","20210101","2021","52","2021","826","GBR","United Kingdom","X","Export","372","IRL","Ireland","0","W00","World","H5","HS","true","1005","Maize (corn)","4","false","C00","TOTAL CPC","0","0","TOTAL MOT","-1","N/A","0","false","-1","N/A","0","false","0","false","0","false","0","32148854.308","32148854.308","0","false","true",
"C","A","20210101","2021","52","2021","826","GBR","United Kingdom","X","Export","380","ITA","Italy","0","W00","World","H5","HS","true","1005","Maize (corn)","4","false","C00","TOTAL CPC","0","0","TOTAL MOT","8","kg","350","false","8","kg","350","false","350","false","0","false","0","2746.66","2746.66","0","false","true",
"C","A","20210101","2021","52","2021","826","GBR","United Kingdom","X","Export","528","NLD","Netherlands","0","W00","World","H5","HS","true","1005","Maize (corn)","4","false","C00","TOTAL CPC","0","0","TOTAL MOT","8","kg","2604518","false","8","kg","2604518","false","2604518","false","0","false","0","294042.508","294042.508","0","false","true",
"C","A","20210101","2021","52","2021","826","GBR","United Kingdom","X","Export","616","POL","Poland","0","W00","World","H5","HS","true","1005","Maize (corn)","4","false","C00","TOTAL CPC","0","0","TOTAL MOT","8","kg","24000","false","8","kg","24000","false","24000","false","0","false","0","24146.399","24146.399","0","false","true",
"C","A","20210101","2021","52","2021","826","GBR","United Kingdom","X","Export","724","ESP","Spain","0","W00","World","H5","HS","true","1005","Maize (corn)","4","false","C00","TOTAL CPC","0","0","TOTAL MOT","-1","N/A","0","false","-1","N/A","0","false","0","false","0","false","0","5116.462","5116.462","0","false","true",
"C","A","20220101","2022","52","2022","826","GBR","United Kingdom","X","Export","56","BEL","Belgium","0","W00","World","H6","HS","true","1001","Wheat and meslin","4","false","C00","TOTAL CPC","0","0","TOTAL MOT","-1","N/A","0","false","-1","N/A","0","false",,"false","0","false",,"13228250.052","13228250.052","0","false","true",
"C","A","20220101","2022","52","2022","826","GBR","United Kingdom","X","Export","203","CZE","Czechia","0","W00","World","H6","HS","true","1001","Wheat and meslin","4","false","C00","TOTAL CPC","0","0","TOTAL MOT","8","kg","6569","false","8","kg","6569","false","6569","false","0","false",,"10224.31","10224.31","0","false","true",
"C","A","20220101","2022","52","2022","826","GBR","United Kingdom","X","Export","251","FRA","France","0","W00","World","H6","HS","true","1001","Wheat and meslin","4","false","C00","TOTAL CPC","0","0","TOTAL MOT","8","kg","923273.358","true","-1","N/A","0","false","923273.358","true","0","false",,"338576.874","338576.874","6","false","true",
"C","A","20220101","2022","52","2022","826","GBR","United Kingdom","X","Export","276","DEU","Germany","0","W00","World","H6","HS","true","1001","Wheat and meslin","4","false","C00","TOTAL CPC","0","0","TOTAL MOT","8","kg","15488.478","true","-1","N/A","0","false","15488.478","true","0","false",,"7539.735","7539.735","6","false","true",
"C","A","20220101","2022","52","2022","826","GBR","United Kingdom","X","Export","348","HUN","Hungary","0","W00","World","H6","HS","true","1001","Wheat and meslin","4","false","C00","TOTAL CPC","0","0","TOTAL MOT","8","kg","54","false","8","kg","54","false","54","false","0","false",,"1206.703","1206.703","0","false","true",
"C","A","20220101","2022","52","2022","826","GBR","United Kingdom","X","Export","372","IRL","Ireland","0","W00","World","H6","HS","true","1001","Wheat and meslin","4","false","C00","TOTAL CPC","0","0","TOTAL MOT","8","kg","190872637","false","8","kg","190872637","false","190872637","false","0","false",,"64061072.242","64061072.242","0","false","true",
"C","A","20220101","2022","52","2022","826","GBR","United Kingdom","X","Export","380","ITA","Italy","0","W00","World","H6","HS","true","1001","Wheat and meslin","4","false","C00","TOTAL CPC","0","0","TOTAL MOT","8","kg","4417449","false","8","kg","4417449","false","4417449","false","0","false",,"1942429.018","1942429.018","0","false","true",
"C","A","20220101","2022","52","2022","826","GBR","United Kingdom","X","Export","528","NLD","Netherlands","0","W00","World","H6","HS","true","1001","Wheat and meslin","4","false","C00","TOTAL CPC","0","0","TOTAL MOT","-1","N/A","0","false","-1","N/A","0","false",,"false","0","false",,"72251671.187","72251671.187","0","false","true",
"C","A","20220101","2022","52","2022","826","GBR","United Kingdom","X","Export","724","ESP","Spain","0","W00","World","H6","HS","true","1001","Wheat and meslin","4","false","C00","TOTAL CPC","0","0","TOTAL MOT","8","kg","305149370","false","8","kg","305149370","false","305149370","false","0","false",,"110112758.251","110112758.251","0","false","true",
"C","A","20220101","2022","52","2022","826","GBR","United Kingdom","X","Export","56","BEL","Belgium","0","W00","World","H6","HS","true","1003","Barley","4","false","C00","TOTAL CPC","0","0","TOTAL MOT","8","kg","146592370","false","8","kg","146592370","false","146592370","false","0","false",,"50353828.998","50353828.998","0","false","true",
"C","A","20220101","2022","52","2022","826","GBR","United Kingdom","X","Export","203","CZE","Czechia","0","W00","World","H6","HS","true","1003","Barley","4","false","C00","TOTAL CPC","0","0","TOTAL MOT","8","kg","42000","false","8","kg","42000","false","42000","false","0","false",,"49990.033","49990.033","0","false","true",
"C","A","20220101","2022","52","2022","826","GBR","United Kingdom","X","Export","251","FRA","France","0","W00","World","H6","HS","true","1003","Barley","4","false","C00","TOTAL CPC","0","0","TOTAL MOT","8","kg","10595","false","8","kg","10595","false","10595","false","0","false",,"21677.509","21677.509","0","false","true",
"C","A","20220101","2022","52","2022","826","GBR","United Kingdom","X","Export","276","DEU","Germany","0","W00","World","H6","HS","true","1003","Barley","4","false","C00","TOTAL CPC","0","0","TOTAL MOT","8","kg","39351800","false","8","kg","39351800","false","39351800","false","0","false",,"13251230.405","13251230.405","0","false","true",
"C","A","20220101","2022","52","2022","826","GBR","United Kingdom","X","Export","372","IRL","Ireland","0","W00","World","H6","HS","true","1003","Barley","4","false","C00","TOTAL CPC","0","0","TOTAL MOT","8","kg","127295858","false","8","kg","127295858","false","127295858","false","0","false",,"42285055.26","42285055.26","0","false","true",
"C","A","20220101","2022","52","2022","826","GBR","United Kingdom","X","Export","528","NLD","Netherlands","0","W00","World","H6","HS","true","1003","Barley","4","false","C00","TOTAL CPC","0","0","TOTAL MOT","8","kg","162839470","false","8","kg","162839470","false","162839470","false","0","false",,"55155341.076","55155341.076","0","false","true",
"C","A","20220101","2022","52","2022","826","GBR","United Kingdom","X","Export","616","POL","Poland","0","W00","World","H6","HS","true","1003","Barley","4","false","C00","TOTAL CPC","0","0","TOTAL MOT","8","kg","19551947","false","8","kg","19551947","false","19551947","false","0","false",,"6944494.103","6944494.103","0","false","true",
"C","A","20220101","2022","52","2022","826","GBR","United Kingdom","X","Export","724","ESP","Spain","0","W00","World","H6","HS","true","1003","Barley","4","false","C00","TOTAL CPC","0","0","TOTAL MOT","-1","N/A","0","false","-1","N/A","0","false",,"false","0","false",,"91605441.359","91605441.359","0","false","true",
"C","A","20220101","2022","52","2022","826","GBR","United Kingdom","X","Export","56","BEL","Belgium","0","W00","World","H6","HS","true","1005","Maize (corn)","4","false","C00","TOTAL CPC","0","0","TOTAL MOT","8","kg","5400","false","8","kg","5400","false","5400","false","0","false",,"50252.574","50252.574","0","false","true",
"C","A","20220101","2022","52","2022","826","GBR","United Kingdom","X","Export","251","FRA","France","0","W00","World","H6","HS","true","1005","Maize (corn)","4","false","C00","TOTAL CPC","0","0","TOTAL MOT","8","kg","4365676","false","8","kg","4365676","false","4365676","false","0","false",,"3640453.277","3640453.277","0","false","true",
"C","A","20220101","2022","52","2022","826","GBR","United Kingdom","X","Export","276","DEU","Germany","0","W00","World","H6","HS","true","1005","Maize (corn)","4","false","C00","TOTAL CPC","0","0","TOTAL MOT","8","kg","115519.1","true","-1","N/A","0","false","115519.1","true","0","false",,"492804.33","492804.33","6","false","true",
"C","A","20220101","2022","52","2022","826","GBR","United Kingdom","X","Export","372","IRL","Ireland","0","W00","World","H6","HS","true","1005","Maize (corn)","4","false","C00","TOTAL CPC","0","0","TOTAL MOT","8","kg","66889561","false","8","kg","66889561","false","66889561","false","0","false",,"22435427.64","22435427.64","0","false","true",
"C","A","20220101","2022","52","2022","826","GBR","United Kingdom","X","Export","380","ITA","Italy","0","W00","World","H6","HS","true","1005","Maize (corn)","4","false","C00","TOTAL CPC","0","0","TOTAL MOT","8","kg","1048","false","8","kg","1048","false","1048","false","0","false",,"21608.484","21608.484","0","false","true",
"C","A","20220101","2022","52","2022","826","GBR","United Kingdom","X","Export","528","NLD","Netherlands","0","W00","World","H6","HS","true","1005","Maize (corn)","4","false","C00","TOTAL CPC","0","0","TOTAL MOT","8","kg","143811.174","true","-1","N/A","0","false","143811.174","true","0","false",,"147884.563","147884.563","6","false","true",
"C","A","20220101","2022","52","2022","826","GBR","United Kingdom","X","Export","616","POL","Poland","0","W00","World","H6","HS","true","1005","Maize (corn)","4","false","C00","TOTAL CPC","0","0","TOTAL MOT","8","kg","270","false","8","kg","270","false","270","false","0","false",,"7867.603","7867.603","0","false","true",
"C","A","20230101","2023","52","2023","826","GBR","United Kingdom","X","Export","56","BEL","Belgium","0","W00","World","H6","HS","true","1001","Wheat and meslin","4","false","C00","TOTAL CPC","0","0","TOTAL MOT","-1","N/A","0","false","-1","N/A","0","false",,"false","0","false",,"1583319.315","1583319.315","0","false","true",
"C","A","20230101","2023","52","2023","826","GBR","United Kingdom","X","Export","251","FRA","France","0","W00","World","H6","HS","true","1001","Wheat and meslin","4","false","C00","TOTAL CPC","0","0","TOTAL MOT","8","kg","138140","false","8","kg","138140","false","138140","false","0","false",,"202726.055","202726.055","0","false","true",
"C","A","20230101","2023","52","2023","826","GBR","United Kingdom","X","Export","276","DEU","Germany","0","W00","World","H6","HS","true","1001","Wheat and meslin","4","false","C00","TOTAL CPC","0","0","TOTAL MOT","-1","N/A","0","false","-1","N/A","0","false",,"false","0","false",,"15412.555","15412.555","0","false","true",
"C","A","20230101","2023","52","2023","826","GBR","United Kingdom","X","Export","372","IRL","Ireland","0","W00","World","H6","HS","true","1001","Wheat and meslin","4","false","C00","TOTAL CPC","0","0","TOTAL MOT","-1","N/A","0","false","-1","N/A","0","false",,"false","0","false",,"44127213.053","44127213.053","0","false","true",
"C","A","20230101","2023","52","2023","826","GBR","United Kingdom","X","Export","380","ITA","Italy","0","W00","World","H6","HS","true","1001","Wheat and meslin","4","false","C00","TOTAL CPC","0","0","TOTAL MOT","-1","N/A","0","false","-1","N/A","0","false",,"false","0","false",,"1800344.244","1800344.244","0","false","true",
"C","A","20230101","2023","52","2023","826","GBR","United Kingdom","X","Export","528","NLD","Netherlands","0","W00","World","H6","HS","true","1001","Wheat and meslin","4","false","C00","TOTAL CPC","0","0","TOTAL MOT","-1","N/A","0","false","-1","N/A","0","false",,"false","0","false",,"66129353.317","66129353.317","0","false","true",
"C","A","20230101","2023","52","2023","826","GBR","United Kingdom","X","Export","616","POL","Poland","0","W00","World","H6","HS","true","1001","Wheat and meslin","4","false","C00","TOTAL CPC","0","0","TOTAL MOT","8","kg","960","false","8","kg","960","false","960","false","0","false",,"4019.694","4019.694","0","false","true",
"C","A","20230101","2023","52","2023","826","GBR","United Kingdom","X","Export","724","ESP","Spain","0","W00","World","H6","HS","true","1001","Wheat and meslin","4","false","C00","TOTAL CPC","0","0","TOTAL MOT","8","kg","571105640","false","8","kg","571105640","false","571105640","false","0","false",,"169812031.316","169812031.316","0","false","true",
"C","A","20230101","2023","52","2023","826","GBR","United Kingdom","X","Export","56","BEL","Belgium","0","W00","World","H6","HS","true","1003","Barley","4","false","C00","TOTAL CPC","0","0","TOTAL MOT","8","kg","92299437","false","8","kg","92299437","false","92299437","false","0","false",,"31977978.443","31977978.443","0","false","true",
"C","A","20230101","2023","52","2023","826","GBR","United Kingdom","X","Export","203","CZE","Czechia","0","W00","World","H6","HS","true","1003","Barley","4","false","C00","TOTAL CPC","0","0","TOTAL MOT","8","kg","21025","false","8","kg","21025","false","21025","false","0","false",,"25557.496","25557.496","0","false","true",
"C","A","20230101","2023","52","2023","826","GBR","United Kingdom","X","Export","251","FRA","France","0","W00","World","H6","HS","true","1003","Barley","4","false","C00","TOTAL CPC","0","0","TOTAL MOT","8","kg","39203563","false","8","kg","39203563","false","39203563","false","0","false",,"13666466.382","13666466.382","0","false","true",
"C","A","20230101","2023","52","2023","826","GBR","United Kingdom","X","Export","276","DEU","Germany","0","W00","World","H6","HS","true","1003","Barley","4","false","C00","TOTAL CPC","0","0","TOTAL MOT","8","kg","25613828","false","8","kg","25613828","false","25613828","false","0","false",,"8778300.08","8778300.08","0","false","true",
"C","A","20230101","2023","52","2023","826","GBR","United Kingdom","X","Export","372","IRL","Ireland","0","W00","World","H6","HS","true","1003","Barley","4","false","C00","TOTAL CPC","0","0","TOTAL MOT","-1","N/A","0","false","-1","N/A","0","false",,"false","0","false",,"50549860.758","50549860.758","0","false","true",
"C","A","20230101","2023","52","2023","826","GBR","United Kingdom","X","Export","380","ITA","Italy","0","W00","World","H6","HS","true","1003","Barley","4","false","C00","TOTAL CPC","0","0","TOTAL MOT","-1","N/A","0","false","-1","N/A","0","false",,"false","0","false",,"27761.243","27761.243","0","false","true",
"C","A","20230101","2023","52","2023","826","GBR","United Kingdom","X","Export","528","NLD","Netherlands","0","W00","World","H6","HS","true","1003","Barley","4","false","C00","TOTAL CPC","0","0","TOTAL MOT","8","kg","134099210","false","8","kg","134099210","false","134099210","false","0","false",,"39842340.132","39842340.132","0","false","true",
"C","A","20230101","2023","52","2023","826","GBR","United Kingdom","X","Export","616","POL","Poland","0","W00","World","H6","HS","true","1003","Barley","4","false","C00","TOTAL CPC","0","0","TOTAL MOT","8","kg","3080020","false","8","kg","3080020","false","3080020","false","0","false",,"1196935.269","1196935.269","0","false","true",
"C","A","20230101","2023","52","2023","826","GBR","United Kingdom","X","Export","724","ESP","Spain","0","W00","World","H6","HS","true","1003","Barley","4","false","C00","TOTAL CPC","0","0","TOTAL MOT","8","kg","358387643","false","8","kg","358387643","false","358387643","false","0","false",,"105529436.406","105529436.406","0","false","true",
"C","A","20230101","2023","52","2023","826","GBR","United Kingdom","X","Export","251","FRA","France","0","W00","World","H6","HS","true","1005","Maize (corn)","4","false","C00","TOTAL CPC","0","0","TOTAL MOT","8","kg","533942","false","8","kg","533942","false","533942","false","0","false",,"2439179.721","2439179.721","0","false","true",
"C","A","20230101","2023","52","2023","826","GBR","United Kingdom","X","Export","276","DEU","Germany","0","W00","World","H6","HS","true","1005","Maize (corn)","4","false","C00","TOTAL CPC","0","0","TOTAL MOT","8","kg","42255","false","8","kg","42255","false","42255","false","0","false",,"127564.992","127564.992","0","false","true",
"C","A","20230101","2023","52","2023","826","GBR","United Kingdom","X","Export","372","IRL","Ireland","0","W00","World","H6","HS","true","1005","Maize (corn)","4","false","C00","TOTAL CPC","0","0","TOTAL MOT","8","kg","68590234","false","8","kg","68590234","false","68590234","false","0","false",,"21700601.089","21700601.089","0","false","true",
"C","A","20230101","2023","52","2023","826","GBR","United Kingdom","X","Export","528","NLD","Netherlands","0","W00","World","H6","HS","true","1005","Maize (corn)","4","false","C00","TOTAL CPC","0","0","TOTAL MOT","8","kg","207014","false","8","kg","207014","false","207014","false","0","false",,"132648.649","132648.649","0","false","true",
"C","A","20230101","2023","52","2023","826","GBR","United Kingdom","X","Export","616","POL","Poland","0","W00","World","H6","HS","true","1005","Maize (corn)","4","false","C00","TOTAL CPC","0","0","TOTAL MOT","8","kg","14430660","false","8","kg","14430660","false","14430660","false","0","false",,"6318598.046","6318598.046","0","false","true",
"C","A","20230101","2023","52","2023","826","GBR","United Kingdom","X","Export","642","ROU","Romania","0","W00","World","H6","HS","true","1005","Maize (corn)","4","false","C00","TOTAL CPC","0","0","TOTAL MOT","8","kg","294670","false","8","kg","294670","false","294670","false","0","false",,"77326.278","77326.278","0","false","true",
"C","A","20240101","2024","52","2024","826","GBR","United Kingdom","X","Export","56","BEL","Belgium","0","W00","World","H6","HS","true","1001","Wheat and meslin","4","false","C00","TOTAL CPC","0","0","TOTAL MOT","8","kg","3794370","false","8","kg","3794370","false","3794370","false","0","false",,"1110399.187","1110399.187","0","false","true",
"C","A","20240101","2024","52","2024","826","GBR","United Kingdom","X","Export","251","FRA","France","0","W00","World","H6","HS","true","1001","Wheat and meslin","4","false","C00","TOTAL CPC","0","0","TOTAL MOT","-1","N/A","0","false","-1","N/A","0","false",,"false","0","false",,"152340.586","152340.586","0","false","true",
"C","A","20240101","2024","52","2024","826","GBR","United Kingdom","X","Export","276","DEU","Germany","0","W00","World","H6","HS","true","1001","Wheat and meslin","4","false","C00","TOTAL CPC","0","0","TOTAL MOT","8","kg","40299","false","8","kg","40299","false","40299","false","0","false",,"81844.667","81844.667","0","false","true",
"C","A","20240101","2024","52","2024","826","GBR","United Kingdom","X","Export","372","IRL","Ireland","0","W00","World","H6","HS","true","1001","Wheat and meslin","4","false","C00","TOTAL CPC","0","0","TOTAL MOT","8","kg","79980928.984","true","-1","N/A","0","false","79980928.984","true","0","false",,"20587415.944","20587415.944","6","false","true",
"C","A","20240101","2024","52","2024","826","GBR","United Kingdom","X","Export","380","ITA","Italy","0","W00","World","H6","HS","true","1001","Wheat and meslin","4","false","C00","TOTAL CPC","0","0","TOTAL MOT","8","kg","4090","false","8","kg","4090","false","4090","false","0","false",,"9289.029","9289.029","0","false","true",
"C","A","20240101","2024","52","2024","826","GBR","United Kingdom","X","Export","528","NLD","Netherlands","0","W00","World","H6","HS","true","1001","Wheat and meslin","4","false","C00","TOTAL CPC","0","0","TOTAL MOT","8","kg","4838007","false","8","kg","4838007","false","4838007","false","0","false",,"1550982.509","1550982.509","0","false","true",
"C","A","20240101","2024","52","2024","826","GBR","United Kingdom","X","Export","616","POL","Poland","0","W00","World","H6","HS","true","1001","Wheat and meslin","4","false","C00","TOTAL CPC","0","0","TOTAL MOT","8","kg","16154000","false","8","kg","16154000","false","16154000","false","0","false",,"4424519.087","4424519.087","0","false","true",
"C","A","20240101","2024","52","2024","826","GBR","United Kingdom","X","Export","724","ESP","Spain","0","W00","World","H6","HS","true","1001","Wheat and meslin","4","false","C00","TOTAL CPC","0","0","TOTAL MOT","8","kg","9255624.299","true","-1","N/A","0","false","9255624.299","true","0","false",,"2878815.243","2878815.243","6","false","true",
"C","A","20240101","2024","52","2024","826","GBR","United Kingdom","X","Export","56","BEL","Belgium","0","W00","World","H6","HS","true","1003","Barley","4","false","C00","TOTAL CPC","0","0","TOTAL MOT","8","kg","127071900","false","8","kg","127071900","false","127071900","false","0","false",,"40186969.505","40186969.505","0","false","true",
"C","A","20240101","2024","52","2024","826","GBR","United Kingdom","X","Export","203","CZE","Czechia","0","W00","World","H6","HS","true","1003","Barley","4","false","C00","TOTAL CPC","0","0","TOTAL MOT","8","kg","30530","false","8","kg","30530","false","30530","false","0","false",,"38383.831","38383.831","0","false","true",
"C","A","20240101","2024","52","2024","826","GBR","United Kingdom","X","Export","251","FRA","France","0","W00","World","H6","HS","true","1003","Barley","4","false","C00","TOTAL CPC","0","0","TOTAL MOT","8","kg","6987311","false","8","kg","6987311","false","6987311","false","0","false",,"2239155.747","2239155.747","0","false","true",
"C","A","20240101","2024","52","2024","826","GBR","United Kingdom","X","Export","276","DEU","Germany","0","W00","World","H6","HS","true","1003","Barley","4","false","C00","TOTAL CPC","0","0","TOTAL MOT","8","kg","53254780","false","8","kg","53254780","false","53254780","false","0","false",,"16054676.623","16054676.623","0","false","true",
"C","A","20240101","2024","52","2024","826","GBR","United Kingdom","X","Export","372","IRL","Ireland","0","W00","World","H6","HS","true","1003","Barley","4","false","C00","TOTAL CPC","0","0","TOTAL MOT","-1","N/A","0","false","-1","N/A","0","false",,"false","0","false",,"35159321.768","35159321.768","0","false","true",
"C","A","20240101","2024","52","2024","826","GBR","United Kingdom","X","Export","528","NLD","Netherlands","0","W00","World","H6","HS","true","1003","Barley","4","false","C00","TOTAL CPC","0","0","TOTAL MOT","8","kg","91606800","false","8","kg","91606800","false","91606800","false","0","false",,"26489366.286","26489366.286","0","false","true",
"C","A","20240101","2024","52","2024","826","GBR","United Kingdom","X","Export","616","POL","Poland","0","W00","World","H6","HS","true","1003","Barley","4","false","C00","TOTAL CPC","0","0","TOTAL MOT","8","kg","269780","false","8","kg","269780","false","269780","false","0","false",,"67824.879","67824.879","0","false","true",
"C","A","20240101","2024","52","2024","826","GBR","United Kingdom","X","Export","724","ESP","Spain","0","W00","World","H6","HS","true","1003","Barley","4","false","C00","TOTAL CPC","0","0","TOTAL MOT","8","kg","67720300","false","8","kg","67720300","false","67720300","false","0","false",,"18277976.083","18277976.083","0","false","true",
"C","A","20240101","2024","52","2024","826","GBR","United Kingdom","X","Export","56","BEL","Belgium","0","W00","World","H6","HS","true","1005","Maize (corn)","4","false","C00","TOTAL CPC","0","0","TOTAL MOT","8","kg","27040","false","8","kg","27040","false","27040","false","0","false",,"134259.701","134259.701","0","false","true",
"C","A","20240101","2024","52","2024","826","GBR","United Kingdom","X","Export","203","CZE","Czechia","0","W00","World","H6","HS","true","1005","Maize (corn)","4","false","C00","TOTAL CPC","0","0","TOTAL MOT","8","kg","3085","false","8","kg","3085","false","3085","false","0","false",,"2352.697","2352.697","0","false","true",
"C","A","20240101","2024","52","2024","826","GBR","United Kingdom","X","Export","251","FRA","France","0","W00","World","H6","HS","true","1005","Maize (corn)","4","false","C00","TOTAL CPC","0","0","TOTAL MOT","8","kg","6897372","false","8","kg","6897372","false","6897372","false","0","false",,"2903219.871","2903219.871","0","false","true",
"C","A","20240101","2024","52","2024","826","GBR","United Kingdom","X","Export","276","DEU","Germany","0","W00","World","H6","HS","true","1005","Maize (corn)","4","false","C00","TOTAL CPC","0","0","TOTAL MOT","8","kg","82849","false","8","kg","82849","false","82849","false","0","false",,"616480.044","616480.044","0","false","true",
"C","A","20240101","2024","52","2024","826","GBR","United Kingdom","X","Export","372","IRL","Ireland","0","W00","World","H6","HS","true","1005","Maize (corn)","4","false","C00","TOTAL CPC","0","0","TOTAL MOT","8","kg","66864093","false","8","kg","66864093","false","66864093","false","0","false",,"16841587.016","16841587.016","0","false","true",
"C","A","20240101","2024","52","2024","826","GBR","United Kingdom","X","Export","528","NLD","Netherlands","0","W00","World","H6","HS","true","1005","Maize (corn)","4","false","C00","TOTAL CPC","0","0","TOTAL MOT","8","kg","164069","false","8","kg","164069","false","164069","false","0","false",,"391982.066","391982.066","0","false","true",
"C","A","20240101","2024","52","2024","826","GBR","United Kingdom","X","Export","616","POL","Poland","0","W00","World","H6","HS","true","1005","Maize (corn)","4","false","C00","TOTAL CPC","0","0","TOTAL MOT","8","kg","494330","false","8","kg","494330","false","494330","false","0","false",,"157752.422","157752.422","0","false","true",
"C","A","20240101","2024","52","2024","826","GBR","United Kingdom","X","Export","642","ROU","Romania","0","W00","World","H6","HS","true","1005","Maize (corn)","4","false","C00","TOTAL CPC","0","0","TOTAL MOT","8","kg","1205670","false","8","kg","1205670","false","1205670","false","0","false",,"385607.59","385607.59","0","false","true",
